accuracy,communication_rounds,dpMode,foldPrivacytest,foldTest,labelColumn,noiseScale,numClients,status,testnum,C,delta,epsilon,L,alpha,lambda_,max_iter,tolerance
0.7,5,noDP,30|59,0|29,target,None,1,finished,1_269532389,1,0.0013333333333333333,0.1,0.2,0.001,0.01,100,1e-05
0.7,5,noDP,30|59,0|29,target,None,1,finished,2_821595599,1,0.0013333333333333333,0.1,0.2,0.001,0.01,100,1e-05
0.7,5,noDP,30|59,0|29,target,None,1,finished,3_21348400,1,0.0013333333333333333,0.1,0.2,0.001,0.01,100,1e-05
0.7,5,noDP,30|59,0|29,target,None,1,finished,4_174859385,1,0.0013333333333333333,0.1,0.2,0.001,0.01,100,1e-05
0.7,5,noDP,30|59,0|29,target,None,1,finished,5_387464592,1,0.0013333333333333333,0.1,0.2,0.001,0.01,100,1e-05
0.7,5,noDP,30|59,0|29,target,None,1,finished,6_560212389,1,0.0013333333333333333,0.1,0.2,0.001,0.01,100,1e-05
0.7,5,noDP,30|59,0|29,target,None,1,finished,7_777818016,1,0.0013333333333333333,0.1,0.2,0.001,0.01,100,1e-05
0.7,5,noDP,30|59,0|29,target,None,1,finished,8_854033228,1,0.0013333333333333333,0.1,0.2,0.001,0.01,100,1e-05
0.7,5,noDP,30|59,0|29,target,None,1,finished,9_39677200,1,0.0013333333333333333,0.1,0.2,0.001,0.01,100,1e-05
0.7,5,noDP,30|59,0|29,target,None,1,finished,10_197358361,1,0.0013333333333333333,0.1,0.2,0.001,0.01,100,1e-05
0.6,5,noDP,30|59,0|29,target,None,2,finished,11_408922325,1,0.0013333333333333333,0.1,0.2,0.001,0.01,100,1e-05
0.6,5,noDP,30|59,0|29,target,None,2,finished,12_599251611,1,0.0013333333333333333,0.1,0.2,0.001,0.01,100,1e-05
0.6,5,noDP,30|59,0|29,target,None,2,finished,13_871677145,1,0.0013333333333333333,0.1,0.2,0.001,0.01,100,1e-05
0.6,5,noDP,30|59,0|29,target,None,2,finished,14_94175677,1,0.0013333333333333333,0.1,0.2,0.001,0.01,100,1e-05
0.6,5,noDP,30|59,0|29,target,None,2,finished,15_268462147,1,0.0013333333333333333,0.1,0.2,0.001,0.01,100,1e-05
0.6,5,noDP,30|59,0|29,target,None,2,finished,16_485688146,1,0.0013333333333333333,0.1,0.2,0.001,0.01,100,1e-05
0.6,5,noDP,30|59,0|29,target,None,2,finished,17_587495579,1,0.0013333333333333333,0.1,0.2,0.001,0.01,100,1e-05
0.6,5,noDP,30|59,0|29,target,None,2,finished,18_881507585,1,0.0013333333333333333,0.1,0.2,0.001,0.01,100,1e-05
0.6,5,noDP,30|59,0|29,target,None,2,finished,19_100683800,1,0.0013333333333333333,0.1,0.2,0.001,0.01,100,1e-05
0.6,5,noDP,30|59,0|29,target,None,2,finished,20_359757526,1,0.0013333333333333333,0.1,0.2,0.001,0.01,100,1e-05
0.5714285714285714,5,noDP,30|59,0|29,target,None,4,finished,21_648277304,1,0.0013333333333333333,0.1,0.2,0.001,0.01,100,1e-05
0.42857142857142855,5,noDP,30|59,0|29,target,None,4,finished,22_840491730,1,0.0013333333333333333,0.1,0.2,0.001,0.01,100,1e-05
0.42857142857142855,5,noDP,30|59,0|29,target,None,4,finished,23_612460297,1,0.0013333333333333333,0.1,0.2,0.001,0.01,100,1e-05
0.42857142857142855,5,noDP,30|59,0|29,target,None,4,finished,24_567205848,1,0.0013333333333333333,0.1,0.2,0.001,0.01,100,1e-05
0.42857142857142855,5,noDP,30|59,0|29,target,None,4,finished,25_611222098,1,0.0013333333333333333,0.1,0.2,0.001,0.01,100,1e-05
0.42857142857142855,5,noDP,30|59,0|29,target,None,4,finished,26_560285429,1,0.0013333333333333333,0.1,0.2,0.001,0.01,100,1e-05
0.42857142857142855,5,noDP,30|59,0|29,target,None,4,finished,27_580924656,1,0.0013333333333333333,0.1,0.2,0.001,0.01,100,1e-05
0.42857142857142855,5,noDP,30|59,0|29,target,None,4,finished,28_811411890,1,0.0013333333333333333,0.1,0.2,0.001,0.01,100,1e-05
0.42857142857142855,5,noDP,30|59,0|29,target,None,4,finished,29_300886223,1,0.0013333333333333333,0.1,0.2,0.001,0.01,100,1e-05
0.42857142857142855,5,noDP,30|59,0|29,target,None,4,finished,30_997756226,1,0.0013333333333333333,0.1,0.2,0.001,0.01,100,1e-05
0.4,5,noDP,30|59,0|29,target,None,6,finished,31_409703196,1,0.0013333333333333333,0.1,0.2,0.001,0.01,100,1e-05
0.4,5,noDP,30|59,0|29,target,None,6,finished,32_866583997,1,0.0013333333333333333,0.1,0.2,0.001,0.01,100,1e-05
0.4,5,noDP,30|59,0|29,target,None,6,finished,33_417065456,1,0.0013333333333333333,0.1,0.2,0.001,0.01,100,1e-05
0.4,5,noDP,30|59,0|29,target,None,6,finished,34_11581275,1,0.0013333333333333333,0.1,0.2,0.001,0.01,100,1e-05
0.4,5,noDP,30|59,0|29,target,None,6,finished,35_561012672,1,0.0013333333333333333,0.1,0.2,0.001,0.01,100,1e-05
0.4,5,noDP,30|59,0|29,target,None,6,finished,36_29872239,1,0.0013333333333333333,0.1,0.2,0.001,0.01,100,1e-05
0.4,5,noDP,30|59,0|29,target,None,6,finished,37_818458129,1,0.0013333333333333333,0.1,0.2,0.001,0.01,100,1e-05
0.4,5,noDP,30|59,0|29,target,None,6,finished,38_514508603,1,0.0013333333333333333,0.1,0.2,0.001,0.01,100,1e-05
0.4,5,noDP,30|59,0|29,target,None,6,finished,39_50308939,1,0.0013333333333333333,0.1,0.2,0.001,0.01,100,1e-05
0.4,5,noDP,30|59,0|29,target,None,6,finished,40_749254125,1,0.0013333333333333333,0.1,0.2,0.001,0.01,100,1e-05
0.6666666666666666,5,noDP,30|59,0|29,target,None,8,finished,41_119362383,1,0.0013333333333333333,0.1,0.2,0.001,0.01,100,1e-05
0.6666666666666666,5,noDP,30|59,0|29,target,None,8,finished,42_763943104,1,0.0013333333333333333,0.1,0.2,0.001,0.01,100,1e-05
0.6666666666666666,5,noDP,30|59,0|29,target,None,8,finished,43_285036140,1,0.0013333333333333333,0.1,0.2,0.001,0.01,100,1e-05
0.6666666666666666,5,noDP,30|59,0|29,target,None,8,finished,44_138590931,1,0.0013333333333333333,0.1,0.2,0.001,0.01,100,1e-05
0.6666666666666666,5,noDP,30|59,0|29,target,None,8,finished,45_879048479,1,0.0013333333333333333,0.1,0.2,0.001,0.01,100,1e-05
0.6666666666666666,5,noDP,30|59,0|29,target,None,8,finished,46_602457054,1,0.0013333333333333333,0.1,0.2,0.001,0.01,100,1e-05
0.6666666666666666,5,noDP,30|59,0|29,target,None,8,finished,47_87618352,1,0.0013333333333333333,0.1,0.2,0.001,0.01,100,1e-05
0.6666666666666666,5,noDP,30|59,0|29,target,None,8,finished,48_89423179,1,0.0013333333333333333,0.1,0.2,0.001,0.01,100,1e-05
0.6666666666666666,5,noDP,30|59,0|29,target,None,8,finished,49_252954295,1,0.0013333333333333333,0.1,0.2,0.001,0.01,100,1e-05
0.6666666666666666,5,noDP,30|59,0|29,target,None,8,finished,50_9322912,1,0.0013333333333333333,0.1,0.2,0.001,0.01,100,1e-05
0.6666666666666666,5,noDP,30|59,0|29,target,None,10,finished,51_935695737,1,0.0013333333333333333,0.1,0.2,0.001,0.01,100,1e-05
0.6666666666666666,5,noDP,30|59,0|29,target,None,10,finished,52_129686327,1,0.0013333333333333333,0.1,0.2,0.001,0.01,100,1e-05
0.6666666666666666,5,noDP,30|59,0|29,target,None,10,finished,53_967218328,1,0.0013333333333333333,0.1,0.2,0.001,0.01,100,1e-05
0.6666666666666666,5,noDP,30|59,0|29,target,None,10,finished,54_619134396,1,0.0013333333333333333,0.1,0.2,0.001,0.01,100,1e-05
0.6666666666666666,5,noDP,30|59,0|29,target,None,10,finished,55_264998605,1,0.0013333333333333333,0.1,0.2,0.001,0.01,100,1e-05
0.6666666666666666,5,noDP,30|59,0|29,target,None,10,finished,56_66706335,1,0.0013333333333333333,0.1,0.2,0.001,0.01,100,1e-05
0.6666666666666666,5,noDP,30|59,0|29,target,None,10,finished,57_72452625,1,0.0013333333333333333,0.1,0.2,0.001,0.01,100,1e-05
0.6666666666666666,5,noDP,30|59,0|29,target,None,10,finished,58_34753907,1,0.0013333333333333333,0.1,0.2,0.001,0.01,100,1e-05
0.6666666666666666,5,noDP,30|59,0|29,target,None,10,finished,59_56732349,1,0.0013333333333333333,0.1,0.2,0.001,0.01,100,1e-05
0.6666666666666666,5,noDP,30|59,0|29,target,None,10,finished,60_688881511,1,0.0013333333333333333,0.1,0.2,0.001,0.01,100,1e-05
0.6666666666666666,5,noDP,60|89,30|59,target,None,1,finished,61_787836182,1,0.0013333333333333333,0.1,0.2,0.001,0.01,100,1e-05
0.6666666666666666,5,noDP,60|89,30|59,target,None,1,finished,62_953560022,1,0.0013333333333333333,0.1,0.2,0.001,0.01,100,1e-05
0.6666666666666666,5,noDP,60|89,30|59,target,None,1,finished,63_123141685,1,0.0013333333333333333,0.1,0.2,0.001,0.01,100,1e-05
0.6666666666666666,5,noDP,60|89,30|59,target,None,1,finished,64_255829161,1,0.0013333333333333333,0.1,0.2,0.001,0.01,100,1e-05
0.6666666666666666,5,noDP,60|89,30|59,target,None,1,finished,65_494761785,1,0.0013333333333333333,0.1,0.2,0.001,0.01,100,1e-05
0.6666666666666666,5,noDP,60|89,30|59,target,None,1,finished,66_721599921,1,0.0013333333333333333,0.1,0.2,0.001,0.01,100,1e-05
0.6666666666666666,5,noDP,60|89,30|59,target,None,1,finished,67_890272481,1,0.0013333333333333333,0.1,0.2,0.001,0.01,100,1e-05
0.6666666666666666,5,noDP,60|89,30|59,target,None,1,finished,68_104308827,1,0.0013333333333333333,0.1,0.2,0.001,0.01,100,1e-05
0.6666666666666666,5,noDP,60|89,30|59,target,None,1,finished,69_321854009,1,0.0013333333333333333,0.1,0.2,0.001,0.01,100,1e-05
0.6666666666666666,5,noDP,60|89,30|59,target,None,1,finished,70_555981835,1,0.0013333333333333333,0.1,0.2,0.001,0.01,100,1e-05
0.7333333333333333,5,noDP,60|89,30|59,target,None,2,finished,71_813860867,1,0.0013333333333333333,0.1,0.2,0.001,0.01,100,1e-05
0.7333333333333333,5,noDP,60|89,30|59,target,None,2,finished,72_2269351,1,0.0013333333333333333,0.1,0.2,0.001,0.01,100,1e-05
0.7333333333333333,5,noDP,60|89,30|59,target,None,2,finished,73_280960612,1,0.0013333333333333333,0.1,0.2,0.001,0.01,100,1e-05
0.7333333333333333,5,noDP,60|89,30|59,target,None,2,finished,74_470384939,1,0.0013333333333333333,0.1,0.2,0.001,0.01,100,1e-05
0.7333333333333333,5,noDP,60|89,30|59,target,None,2,finished,75_871051782,1,0.0013333333333333333,0.1,0.2,0.001,0.01,100,1e-05
0.7333333333333333,5,noDP,60|89,30|59,target,None,2,finished,76_92133217,1,0.0013333333333333333,0.1,0.2,0.001,0.01,100,1e-05
0.7333333333333333,5,noDP,60|89,30|59,target,None,2,finished,77_357763085,1,0.0013333333333333333,0.1,0.2,0.001,0.01,100,1e-05
0.7333333333333333,5,noDP,60|89,30|59,target,None,2,finished,78_611552322,1,0.0013333333333333333,0.1,0.2,0.001,0.01,100,1e-05
0.7333333333333333,5,noDP,60|89,30|59,target,None,2,finished,79_817296730,1,0.0013333333333333333,0.1,0.2,0.001,0.01,100,1e-05
0.7333333333333333,5,noDP,60|89,30|59,target,None,2,finished,80_154349852,1,0.0013333333333333333,0.1,0.2,0.001,0.01,100,1e-05
0.7142857142857143,5,noDP,60|89,30|59,target,None,4,finished,81_446953968,1,0.0013333333333333333,0.1,0.2,0.001,0.01,100,1e-05
0.7142857142857143,5,noDP,60|89,30|59,target,None,4,finished,82_3121327,1,0.0013333333333333333,0.1,0.2,0.001,0.01,100,1e-05
0.7142857142857143,5,noDP,60|89,30|59,target,None,4,finished,83_378767352,1,0.0013333333333333333,0.1,0.2,0.001,0.01,100,1e-05
0.7142857142857143,5,noDP,60|89,30|59,target,None,4,finished,84_5593820,1,0.0013333333333333333,0.1,0.2,0.001,0.01,100,1e-05
0.7142857142857143,5,noDP,60|89,30|59,target,None,4,finished,85_608878746,1,0.0013333333333333333,0.1,0.2,0.001,0.01,100,1e-05
0.7142857142857143,5,noDP,60|89,30|59,target,None,4,finished,86_997736837,1,0.0013333333333333333,0.1,0.2,0.001,0.01,100,1e-05
0.7142857142857143,5,noDP,60|89,30|59,target,None,4,finished,87_557360427,1,0.0013333333333333333,0.1,0.2,0.001,0.01,100,1e-05
0.7142857142857143,5,noDP,60|89,30|59,target,None,4,finished,88_864655590,1,0.0013333333333333333,0.1,0.2,0.001,0.01,100,1e-05
0.7142857142857143,5,noDP,60|89,30|59,target,None,4,finished,89_517067483,1,0.0013333333333333333,0.1,0.2,0.001,0.01,100,1e-05
0.7142857142857143,5,noDP,60|89,30|59,target,None,3,finished,90_989951099,1,0.0013333333333333333,0.1,0.2,0.001,0.01,100,1e-05
0.6666666666666666,5,noDP,60|89,30|59,target,None,1,finished,92_276443314,1,0.0013333333333333333,0.1,0.2,0.001,0.01,100,1e-05
0.6666666666666666,5,noDP,60|89,30|59,target,None,1,finished,93_430180433,1,0.0013333333333333333,0.1,0.2,0.001,0.01,100,1e-05
0.6666666666666666,5,noDP,60|89,30|59,target,None,1,finished,94_685179105,1,0.0013333333333333333,0.1,0.2,0.001,0.01,100,1e-05
0.6666666666666666,5,noDP,60|89,30|59,target,None,1,finished,95_928281200,1,0.0013333333333333333,0.1,0.2,0.001,0.01,100,1e-05
0.6666666666666666,5,noDP,60|89,30|59,target,None,1,finished,96_95149845,1,0.0013333333333333333,0.1,0.2,0.001,0.01,100,1e-05
0.6666666666666666,5,noDP,60|89,30|59,target,None,1,finished,97_229965648,1,0.0013333333333333333,0.1,0.2,0.001,0.01,100,1e-05
0.6666666666666666,5,noDP,60|89,30|59,target,None,1,finished,98_437553753,1,0.0013333333333333333,0.1,0.2,0.001,0.01,100,1e-05
0.6666666666666666,5,noDP,60|89,30|59,target,None,1,finished,99_718686758,1,0.0013333333333333333,0.1,0.2,0.001,0.01,100,1e-05
0.6666666666666666,5,noDP,60|89,30|59,target,None,1,finished,100_901268078,1,0.0013333333333333333,0.1,0.2,0.001,0.01,100,1e-05
0.6666666666666666,5,noDP,60|89,30|59,target,None,1,finished,101_177902202,1,0.0013333333333333333,0.1,0.2,0.001,0.01,100,1e-05
0.7333333333333333,5,noDP,60|89,30|59,target,None,2,finished,102_372373517,1,0.0013333333333333333,0.1,0.2,0.001,0.01,100,1e-05
0.7333333333333333,5,noDP,60|89,30|59,target,None,2,finished,103_596957593,1,0.0013333333333333333,0.1,0.2,0.001,0.01,100,1e-05
0.7333333333333333,5,noDP,60|89,30|59,target,None,2,finished,104_800092935,1,0.0013333333333333333,0.1,0.2,0.001,0.01,100,1e-05
0.7333333333333333,5,noDP,60|89,30|59,target,None,2,finished,105_64462071,1,0.0013333333333333333,0.1,0.2,0.001,0.01,100,1e-05
0.7333333333333333,5,noDP,60|89,30|59,target,None,2,finished,106_346752629,1,0.0013333333333333333,0.1,0.2,0.001,0.01,100,1e-05
0.7333333333333333,5,noDP,60|89,30|59,target,None,2,finished,107_601542051,1,0.0013333333333333333,0.1,0.2,0.001,0.01,100,1e-05
0.7333333333333333,5,noDP,60|89,30|59,target,None,2,finished,108_848917615,1,0.0013333333333333333,0.1,0.2,0.001,0.01,100,1e-05
0.7333333333333333,5,noDP,60|89,30|59,target,None,2,finished,109_102755261,1,0.0013333333333333333,0.1,0.2,0.001,0.01,100,1e-05
0.7333333333333333,5,noDP,60|89,30|59,target,None,2,finished,110_374794198,1,0.0013333333333333333,0.1,0.2,0.001,0.01,100,1e-05
0.7333333333333333,5,noDP,60|89,30|59,target,None,2,finished,111_832921819,1,0.0013333333333333333,0.1,0.2,0.001,0.01,100,1e-05
0.7142857142857143,5,noDP,60|89,30|59,target,None,4,finished,112_62278985,1,0.0013333333333333333,0.1,0.2,0.001,0.01,100,1e-05
0.7142857142857143,5,noDP,60|89,30|59,target,None,4,finished,113_708038507,1,0.0013333333333333333,0.1,0.2,0.001,0.01,100,1e-05
0.7142857142857143,5,noDP,60|89,30|59,target,None,4,finished,114_261140993,1,0.0013333333333333333,0.1,0.2,0.001,0.01,100,1e-05
0.7142857142857143,5,noDP,60|89,30|59,target,None,4,finished,115_801059651,1,0.0013333333333333333,0.1,0.2,0.001,0.01,100,1e-05
0.7142857142857143,5,noDP,60|89,30|59,target,None,4,finished,116_232334629,1,0.0013333333333333333,0.1,0.2,0.001,0.01,100,1e-05
0.7142857142857143,5,noDP,60|89,30|59,target,None,4,finished,117_965985586,1,0.0013333333333333333,0.1,0.2,0.001,0.01,100,1e-05
0.7142857142857143,5,noDP,60|89,30|59,target,None,4,finished,118_388980568,1,0.0013333333333333333,0.1,0.2,0.001,0.01,100,1e-05
0.7142857142857143,5,noDP,60|89,30|59,target,None,4,finished,119_16774358,1,0.0013333333333333333,0.1,0.2,0.001,0.01,100,1e-05
0.7142857142857143,5,noDP,60|89,30|59,target,None,4,finished,120_962088279,1,0.0013333333333333333,0.1,0.2,0.001,0.01,100,1e-05
0.7142857142857143,5,noDP,60|89,30|59,target,None,4,finished,121_143815037,1,0.0013333333333333333,0.1,0.2,0.001,0.01,100,1e-05
0.6666666666666666,5,noDP,60|89,30|59,target,None,1,finished,123_393429857,1,0.0013333333333333333,0.1,0.2,0.001,0.01,100,1e-05
0.6666666666666666,5,noDP,60|89,30|59,target,None,1,finished,124_691620588,1,0.0013333333333333333,0.1,0.2,0.001,0.01,100,1e-05
0.6666666666666666,5,noDP,60|89,30|59,target,None,1,finished,125_947335341,1,0.0013333333333333333,0.1,0.2,0.001,0.01,100,1e-05
0.6666666666666666,5,noDP,60|89,30|59,target,None,1,finished,126_183228288,1,0.0013333333333333333,0.1,0.2,0.001,0.01,100,1e-05
0.6666666666666666,5,noDP,60|89,30|59,target,None,1,finished,127_339406454,1,0.0013333333333333333,0.1,0.2,0.001,0.01,100,1e-05
0.6666666666666666,5,noDP,60|89,30|59,target,None,1,finished,128_627929646,1,0.0013333333333333333,0.1,0.2,0.001,0.01,100,1e-05
0.6666666666666666,5,noDP,60|89,30|59,target,None,1,finished,129_852629834,1,0.0013333333333333333,0.1,0.2,0.001,0.01,100,1e-05
0.6666666666666666,5,noDP,60|89,30|59,target,None,1,finished,130_41922306,1,0.0013333333333333333,0.1,0.2,0.001,0.01,100,1e-05
0.6666666666666666,5,noDP,60|89,30|59,target,None,1,finished,131_181166265,1,0.0013333333333333333,0.1,0.2,0.001,0.01,100,1e-05
0.6666666666666666,5,noDP,60|89,30|59,target,None,1,finished,132_404700062,1,0.0013333333333333333,0.1,0.2,0.001,0.01,100,1e-05
0.7333333333333333,5,noDP,60|89,30|59,target,None,2,finished,133_643346135,1,0.0013333333333333333,0.1,0.2,0.001,0.01,100,1e-05
0.7333333333333333,5,noDP,60|89,30|59,target,None,2,finished,134_44133598,1,0.0013333333333333333,0.1,0.2,0.001,0.01,100,1e-05
0.7333333333333333,5,noDP,60|89,30|59,target,None,2,finished,135_312123124,1,0.0013333333333333333,0.1,0.2,0.001,0.01,100,1e-05
0.7333333333333333,5,noDP,60|89,30|59,target,None,2,finished,136_747281291,1,0.0013333333333333333,0.1,0.2,0.001,0.01,100,1e-05
0.7333333333333333,5,noDP,60|89,30|59,target,None,2,finished,137_133557010,1,0.0013333333333333333,0.1,0.2,0.001,0.01,100,1e-05
0.7333333333333333,5,noDP,60|89,30|59,target,None,2,finished,138_498735818,1,0.0013333333333333333,0.1,0.2,0.001,0.01,100,1e-05
0.7333333333333333,5,noDP,60|89,30|59,target,None,2,finished,139_903054862,1,0.0013333333333333333,0.1,0.2,0.001,0.01,100,1e-05
0.7333333333333333,5,noDP,60|89,30|59,target,None,2,finished,140_244526136,1,0.0013333333333333333,0.1,0.2,0.001,0.01,100,1e-05
0.7333333333333333,5,noDP,60|89,30|59,target,None,2,finished,141_538400593,1,0.0013333333333333333,0.1,0.2,0.001,0.01,100,1e-05
0.7333333333333333,5,noDP,60|89,30|59,target,None,2,finished,142_873097833,1,0.0013333333333333333,0.1,0.2,0.001,0.01,100,1e-05
0.7142857142857143,5,noDP,60|89,30|59,target,None,4,finished,143_419747312,1,0.0013333333333333333,0.1,0.2,0.001,0.01,100,1e-05
0.7142857142857143,5,noDP,60|89,30|59,target,None,4,finished,144_933023154,1,0.0013333333333333333,0.1,0.2,0.001,0.01,100,1e-05
0.7142857142857143,5,noDP,60|89,30|59,target,None,4,finished,145_529833853,1,0.0013333333333333333,0.1,0.2,0.001,0.01,100,1e-05
0.7142857142857143,5,noDP,60|89,30|59,target,None,4,finished,146_197024202,1,0.0013333333333333333,0.1,0.2,0.001,0.01,100,1e-05
0.7142857142857143,5,noDP,60|89,30|59,target,None,4,finished,147_970048072,1,0.0013333333333333333,0.1,0.2,0.001,0.01,100,1e-05
0.7142857142857143,5,noDP,60|89,30|59,target,None,4,finished,148_511994762,1,0.0013333333333333333,0.1,0.2,0.001,0.01,100,1e-05
0.7142857142857143,5,noDP,60|89,30|59,target,None,4,finished,149_254854319,1,0.0013333333333333333,0.1,0.2,0.001,0.01,100,1e-05
0.7142857142857143,5,noDP,60|89,30|59,target,None,4,finished,150_71501541,1,0.0013333333333333333,0.1,0.2,0.001,0.01,100,1e-05
0.7142857142857143,5,noDP,60|89,30|59,target,None,4,finished,151_751920446,1,0.0013333333333333333,0.1,0.2,0.001,0.01,100,1e-05
0.7142857142857143,5,noDP,60|89,30|59,target,None,4,finished,152_409672107,1,0.0013333333333333333,0.1,0.2,0.001,0.01,100,1e-05
0.6666666666666666,5,noDP,90|119,60|89,target,None,1,finished,183_810674728,1,0.0013333333333333333,0.1,0.2,0.001,0.01,100,1e-05
0.6666666666666666,5,noDP,90|119,60|89,target,None,1,finished,184_154069225,1,0.0013333333333333333,0.1,0.2,0.001,0.01,100,1e-05
0.6666666666666666,5,noDP,90|119,60|89,target,None,1,finished,185_435139653,1,0.0013333333333333333,0.1,0.2,0.001,0.01,100,1e-05
0.6666666666666666,5,noDP,90|119,60|89,target,None,1,finished,186_652965990,1,0.0013333333333333333,0.1,0.2,0.001,0.01,100,1e-05
0.6666666666666666,5,noDP,90|119,60|89,target,None,1,finished,187_999367207,1,0.0013333333333333333,0.1,0.2,0.001,0.01,100,1e-05
0.6666666666666666,5,noDP,90|119,60|89,target,None,1,finished,188_234197876,1,0.0013333333333333333,0.1,0.2,0.001,0.01,100,1e-05
0.6666666666666666,5,noDP,90|119,60|89,target,None,1,finished,189_480155150,1,0.0013333333333333333,0.1,0.2,0.001,0.01,100,1e-05
0.6666666666666666,5,noDP,90|119,60|89,target,None,1,finished,190_797194685,1,0.0013333333333333333,0.1,0.2,0.001,0.01,100,1e-05
0.6666666666666666,5,noDP,90|119,60|89,target,None,1,finished,191_990400707,1,0.0013333333333333333,0.1,0.2,0.001,0.01,100,1e-05
0.6666666666666666,5,noDP,90|119,60|89,target,None,1,finished,192_250052629,1,0.0013333333333333333,0.1,0.2,0.001,0.01,100,1e-05
0.7333333333333333,5,noDP,90|119,60|89,target,None,2,finished,193_475569169,1,0.0013333333333333333,0.1,0.2,0.001,0.01,100,1e-05
0.7333333333333333,5,noDP,90|119,60|89,target,None,2,finished,194_739265994,1,0.0013333333333333333,0.1,0.2,0.001,0.01,100,1e-05
0.7333333333333333,5,noDP,90|119,60|89,target,None,2,finished,195_256426686,1,0.0013333333333333333,0.1,0.2,0.001,0.01,100,1e-05
0.7333333333333333,5,noDP,90|119,60|89,target,None,2,finished,196_712708802,1,0.0013333333333333333,0.1,0.2,0.001,0.01,100,1e-05
0.7333333333333333,5,noDP,90|119,60|89,target,None,2,finished,197_90356257,1,0.0013333333333333333,0.1,0.2,0.001,0.01,100,1e-05
0.7333333333333333,5,noDP,90|119,60|89,target,None,2,finished,198_348563651,1,0.0013333333333333333,0.1,0.2,0.001,0.01,100,1e-05
0.7333333333333333,5,noDP,90|119,60|89,target,None,2,finished,199_759037292,1,0.0013333333333333333,0.1,0.2,0.001,0.01,100,1e-05
0.7333333333333333,5,noDP,90|119,60|89,target,None,2,finished,200_251758557,1,0.0013333333333333333,0.1,0.2,0.001,0.01,100,1e-05
0.7333333333333333,5,noDP,90|119,60|89,target,None,2,finished,201_644562281,1,0.0013333333333333333,0.1,0.2,0.001,0.01,100,1e-05
0.7333333333333333,5,noDP,90|119,60|89,target,None,2,finished,202_956334658,1,0.0013333333333333333,0.1,0.2,0.001,0.01,100,1e-05
0.7142857142857143,5,noDP,90|119,60|89,target,None,4,finished,203_325157096,1,0.0013333333333333333,0.1,0.2,0.001,0.01,100,1e-05
0.7142857142857143,5,noDP,90|119,60|89,target,None,4,finished,204_885079035,1,0.0013333333333333333,0.1,0.2,0.001,0.01,100,1e-05
0.7142857142857143,5,noDP,90|119,60|89,target,None,4,finished,205_685978796,1,0.0013333333333333333,0.1,0.2,0.001,0.01,100,1e-05
0.7142857142857143,5,noDP,90|119,60|89,target,None,4,finished,206_324345646,1,0.0013333333333333333,0.1,0.2,0.001,0.01,100,1e-05
0.7142857142857143,5,noDP,90|119,60|89,target,None,4,finished,207_163693126,1,0.0013333333333333333,0.1,0.2,0.001,0.01,100,1e-05
0.7142857142857143,5,noDP,90|119,60|89,target,None,4,finished,208_927072921,1,0.0013333333333333333,0.1,0.2,0.001,0.01,100,1e-05
0.7142857142857143,5,noDP,90|119,60|89,target,None,4,finished,209_573163838,1,0.0013333333333333333,0.1,0.2,0.001,0.01,100,1e-05
0.7142857142857143,5,noDP,90|119,60|89,target,None,4,finished,210_257369845,1,0.0013333333333333333,0.1,0.2,0.001,0.01,100,1e-05
0.7142857142857143,5,noDP,90|119,60|89,target,None,4,finished,211_58342286,1,0.0013333333333333333,0.1,0.2,0.001,0.01,100,1e-05
0.7142857142857143,5,noDP,90|119,60|89,target,None,4,finished,212_986079926,1,0.0013333333333333333,0.1,0.2,0.001,0.01,100,1e-05
0.8,5,noDP,90|119,60|89,target,None,6,finished,213_732674029,1,0.0013333333333333333,0.1,0.2,0.001,0.01,100,1e-05
0.8,5,noDP,90|119,60|89,target,None,6,finished,214_929562254,1,0.0013333333333333333,0.1,0.2,0.001,0.01,100,1e-05
0.8,5,noDP,90|119,60|89,target,None,6,finished,215_874600571,1,0.0013333333333333333,0.1,0.2,0.001,0.01,100,1e-05
0.8,5,noDP,90|119,60|89,target,None,6,finished,216_862447244,1,0.0013333333333333333,0.1,0.2,0.001,0.01,100,1e-05
1.0,5,noDP,90|119,60|89,target,None,6,finished,217_771815229,1,0.0013333333333333333,0.1,0.2,0.001,0.01,100,1e-05
0.8,5,noDP,90|119,60|89,target,None,6,finished,218_614799546,1,0.0013333333333333333,0.1,0.2,0.001,0.01,100,1e-05
0.8,5,noDP,90|119,60|89,target,None,6,finished,219_775264310,1,0.0013333333333333333,0.1,0.2,0.001,0.01,100,1e-05
0.8,5,noDP,90|119,60|89,target,None,6,finished,220_133889886,1,0.0013333333333333333,0.1,0.2,0.001,0.01,100,1e-05
0.8,5,noDP,90|119,60|89,target,None,6,finished,221_301762235,1,0.0013333333333333333,0.1,0.2,0.001,0.01,100,1e-05
0.8,5,noDP,90|119,60|89,target,None,6,finished,222_289608973,1,0.0013333333333333333,0.1,0.2,0.001,0.01,100,1e-05
0.6666666666666666,5,noDP,120|149,90|119,target,None,1,finished,243_847139240,1,0.0013333333333333333,0.1,0.2,0.001,0.01,100,1e-05
0.7333333333333333,5,noDP,120|149,90|119,target,None,1,finished,244_6922045,1,0.0013333333333333333,0.1,0.2,0.001,0.01,100,1e-05
0.6666666666666666,5,noDP,120|149,90|119,target,None,1,finished,245_317404293,1,0.0013333333333333333,0.1,0.2,0.001,0.01,100,1e-05
0.6666666666666666,5,noDP,120|149,90|119,target,None,1,finished,246_517665061,1,0.0013333333333333333,0.1,0.2,0.001,0.01,100,1e-05
0.7333333333333333,5,noDP,120|149,90|119,target,None,1,finished,247_753361981,1,0.0013333333333333333,0.1,0.2,0.001,0.01,100,1e-05
0.6666666666666666,5,noDP,120|149,90|119,target,None,1,finished,248_81777175,1,0.0013333333333333333,0.1,0.2,0.001,0.01,100,1e-05
0.7333333333333333,5,noDP,120|149,90|119,target,None,1,finished,249_311199910,1,0.0013333333333333333,0.1,0.2,0.001,0.01,100,1e-05
0.6666666666666666,5,noDP,120|149,90|119,target,None,1,finished,250_670433511,1,0.0013333333333333333,0.1,0.2,0.001,0.01,100,1e-05
0.6666666666666666,5,noDP,120|149,90|119,target,None,1,finished,251_31590975,1,0.0013333333333333333,0.1,0.2,0.001,0.01,100,1e-05
0.7333333333333333,5,noDP,120|149,90|119,target,None,1,finished,252_292240882,1,0.0013333333333333333,0.1,0.2,0.001,0.01,100,1e-05
0.8,5,noDP,120|149,90|119,target,None,2,finished,253_542684416,1,0.0013333333333333333,0.1,0.2,0.001,0.01,100,1e-05
0.7333333333333333,5,noDP,120|149,90|119,target,None,2,finished,254_487003491,1,0.0013333333333333333,0.1,0.2,0.001,0.01,100,1e-05
0.8666666666666667,5,noDP,120|149,90|119,target,None,2,finished,255_211883320,1,0.0013333333333333333,0.1,0.2,0.001,0.01,100,1e-05
0.7333333333333333,5,noDP,120|149,90|119,target,None,2,finished,256_529239722,1,0.0013333333333333333,0.1,0.2,0.001,0.01,100,1e-05
0.7333333333333333,5,noDP,120|149,90|119,target,None,2,finished,257_12329482,1,0.0013333333333333333,0.1,0.2,0.001,0.01,100,1e-05
0.6666666666666666,5,noDP,120|149,90|119,target,None,2,finished,258_563351609,1,0.0013333333333333333,0.1,0.2,0.001,0.01,100,1e-05
0.8,5,noDP,120|149,90|119,target,None,2,finished,259_991262086,1,0.0013333333333333333,0.1,0.2,0.001,0.01,100,1e-05
0.8,5,noDP,120|149,90|119,target,None,2,finished,260_520729344,1,0.0013333333333333333,0.1,0.2,0.001,0.01,100,1e-05
0.7333333333333333,5,noDP,120|149,90|119,target,None,2,finished,261_898533779,1,0.0013333333333333333,0.1,0.2,0.001,0.01,100,1e-05
0.7333333333333333,5,noDP,120|149,90|119,target,None,2,finished,262_832207527,1,0.0013333333333333333,0.1,0.2,0.001,0.01,100,1e-05
0.7142857142857143,5,noDP,120|149,90|119,target,None,4,finished,263_532126648,1,0.0013333333333333333,0.1,0.2,0.001,0.01,100,1e-05
0.7142857142857143,5,noDP,120|149,90|119,target,None,4,finished,264_227837771,1,0.0013333333333333333,0.1,0.2,0.001,0.01,100,1e-05
0.5714285714285714,5,noDP,120|149,90|119,target,None,4,finished,265_484469023,1,0.0013333333333333333,0.1,0.2,0.001,0.01,100,1e-05
0.5714285714285714,5,noDP,120|149,90|119,target,None,4,finished,266_812132660,1,0.0013333333333333333,0.1,0.2,0.001,0.01,100,1e-05
0.5714285714285714,5,noDP,120|149,90|119,target,None,4,finished,267_71952445,1,0.0013333333333333333,0.1,0.2,0.001,0.01,100,1e-05
0.7142857142857143,5,noDP,120|149,90|119,target,None,4,finished,268_868182954,1,0.0013333333333333333,0.1,0.2,0.001,0.01,100,1e-05
0.7142857142857143,5,noDP,120|149,90|119,target,None,4,finished,269_827611349,1,0.0013333333333333333,0.1,0.2,0.001,0.01,100,1e-05
0.7142857142857143,5,noDP,120|149,90|119,target,None,4,finished,270_131829117,1,0.0013333333333333333,0.1,0.2,0.001,0.01,100,1e-05
0.5714285714285714,5,noDP,120|149,90|119,target,None,4,finished,272_290740973,1,0.0013333333333333333,0.1,0.2,0.001,0.01,100,1e-05
0.5714285714285714,5,noDP,120|149,90|119,target,None,4,finished,273_240146859,1,0.0013333333333333333,0.1,0.2,0.001,0.01,100,1e-05
0.5714285714285714,5,noDP,120|149,90|119,target,None,4,finished,274_839260419,1,0.0013333333333333333,0.1,0.2,0.001,0.01,100,1e-05
0.7142857142857143,5,noDP,120|149,90|119,target,None,4,finished,275_941095951,1,0.0013333333333333333,0.1,0.2,0.001,0.01,100,1e-05
0.5714285714285714,5,noDP,120|149,90|119,target,None,4,finished,276_764157686,1,0.0013333333333333333,0.1,0.2,0.001,0.01,100,1e-05
0.7142857142857143,5,noDP,120|149,90|119,target,None,4,finished,277_708144478,1,0.0013333333333333333,0.1,0.2,0.001,0.01,100,1e-05
0.5714285714285714,5,noDP,120|149,90|119,target,None,4,finished,278_32214955,1,0.0013333333333333333,0.1,0.2,0.001,0.01,100,1e-05
0.5714285714285714,5,noDP,120|149,90|119,target,None,4,finished,279_84150866,1,0.0013333333333333333,0.1,0.2,0.001,0.01,100,1e-05
0.5714285714285714,5,noDP,120|149,90|119,target,None,4,finished,280_338130758,1,0.0013333333333333333,0.1,0.2,0.001,0.01,100,1e-05
0.7142857142857143,5,noDP,120|149,90|119,target,None,4,finished,281_26543714,1,0.0013333333333333333,0.1,0.2,0.001,0.01,100,1e-05
0.8,5,noDP,30|59,0|29,target,None,1,finished,313_418581216,1,0.0013333333333333333,0.1,0.2,0.001,0.01,500,1e-05
0.8,5,noDP,30|59,0|29,target,None,1,finished,314_316141345,1,0.0013333333333333333,0.1,0.2,0.001,0.01,500,1e-05
0.7666666666666667,5,noDP,30|59,0|29,target,None,1,finished,315_296124743,1,0.0013333333333333333,0.1,0.2,0.001,0.01,500,1e-05
0.7666666666666667,5,noDP,30|59,0|29,target,None,1,finished,316_31684562,1,0.0013333333333333333,0.1,0.2,0.001,0.01,500,1e-05
0.8,5,noDP,30|59,0|29,target,None,1,finished,317_288169265,1,0.0013333333333333333,0.1,0.2,0.001,0.01,500,1e-05
0.8,5,noDP,30|59,0|29,target,None,1,finished,318_648126837,1,0.0013333333333333333,0.1,0.2,0.001,0.01,500,1e-05
0.8333333333333334,5,noDP,30|59,0|29,target,None,1,finished,319_927897051,1,0.0013333333333333333,0.1,0.2,0.001,0.01,500,1e-05
0.8,5,noDP,30|59,0|29,target,None,1,finished,320_952322555,1,0.0013333333333333333,0.1,0.2,0.001,0.01,500,1e-05
0.8,5,noDP,30|59,0|29,target,None,1,finished,321_988237836,1,0.0013333333333333333,0.1,0.2,0.001,0.01,500,1e-05
0.8,5,noDP,30|59,0|29,target,None,1,finished,322_112163447,1,0.0013333333333333333,0.1,0.2,0.001,0.01,500,1e-05
0.8666666666666667,5,noDP,30|59,0|29,target,None,2,finished,323_816651190,1,0.0013333333333333333,0.1,0.2,0.001,0.01,500,1e-05
0.7333333333333333,5,noDP,30|59,0|29,target,None,2,finished,324_339407910,1,0.0013333333333333333,0.1,0.2,0.001,0.01,500,1e-05
0.8,5,noDP,30|59,0|29,target,None,2,finished,325_838919833,1,0.0013333333333333333,0.1,0.2,0.001,0.01,500,1e-05
0.7333333333333333,5,noDP,30|59,0|29,target,None,2,finished,326_255987890,1,0.0013333333333333333,0.1,0.2,0.001,0.01,500,1e-05
0.7333333333333333,5,noDP,30|59,0|29,target,None,2,finished,327_766301041,1,0.0013333333333333333,0.1,0.2,0.001,0.01,500,1e-05
0.8333333333333334,5,noDP,30|59,0|29,target,None,1,finished,328_972109198,1,0.0013333333333333333,0.1,0.2,0.001,0.01,500,1e-05
0.8333333333333334,5,noDP,30|59,0|29,target,None,1,finished,329_272205668,1,0.0013333333333333333,0.1,0.2,0.001,0.01,500,1e-05
0.7666666666666667,5,noDP,30|59,0|29,target,None,1,finished,330_484133556,1,0.0013333333333333333,0.1,0.2,0.001,0.01,500,1e-05
0.8333333333333334,5,noDP,30|59,0|29,target,None,1,finished,331_25651783,1,0.0013333333333333333,0.1,0.2,0.001,0.01,500,1e-05
0.7666666666666667,5,noDP,30|59,0|29,target,None,1,finished,332_394664672,1,0.0013333333333333333,0.1,0.2,0.001,0.01,500,1e-05
0.8,5,noDP,30|59,0|29,target,None,1,finished,333_755656214,1,0.0013333333333333333,0.1,0.2,0.001,0.01,500,1e-05
0.7333333333333333,5,noDP,30|59,0|29,target,None,1,finished,334_66763778,1,0.0013333333333333333,0.1,0.2,0.001,0.01,500,1e-05
0.8333333333333334,5,noDP,30|59,0|29,target,None,1,finished,335_420647060,1,0.0013333333333333333,0.1,0.2,0.001,0.01,500,1e-05
0.8,5,noDP,30|59,0|29,target,None,1,finished,336_888993600,1,0.0013333333333333333,0.1,0.2,0.001,0.01,500,1e-05
0.8666666666666667,5,noDP,30|59,0|29,target,None,1,finished,337_272403213,1,0.0013333333333333333,0.1,0.2,0.001,0.01,500,1e-05
0.8,5,noDP,30|59,0|29,target,None,2,finished,338_770644182,1,0.0013333333333333333,0.1,0.2,0.001,0.01,500,1e-05
0.8666666666666667,5,noDP,30|59,0|29,target,None,2,finished,339_332687020,1,0.0013333333333333333,0.1,0.2,0.001,0.01,500,1e-05
0.7333333333333333,5,noDP,30|59,0|29,target,None,2,finished,340_798809436,1,0.0013333333333333333,0.1,0.2,0.001,0.01,500,1e-05
0.8,5,noDP,30|59,0|29,target,None,2,finished,341_180830940,1,0.0013333333333333333,0.1,0.2,0.001,0.01,500,1e-05
0.8666666666666667,5,noDP,30|59,0|29,target,None,2,finished,342_630120992,1,0.0013333333333333333,0.1,0.2,0.001,0.01,500,1e-05
0.7333333333333333,5,noDP,30|59,0|29,target,None,2,finished,343_173529314,1,0.0013333333333333333,0.1,0.2,0.001,0.01,500,1e-05
0.7333333333333333,5,noDP,30|59,0|29,target,None,2,finished,344_831163434,1,0.0013333333333333333,0.1,0.2,0.001,0.01,500,1e-05
0.7333333333333333,5,noDP,30|59,0|29,target,None,2,finished,345_334851146,1,0.0013333333333333333,0.1,0.2,0.001,0.01,500,1e-05
0.7333333333333333,5,noDP,30|59,0|29,target,None,2,finished,346_856425138,1,0.0013333333333333333,0.1,0.2,0.001,0.01,500,1e-05
0.7333333333333333,5,noDP,30|59,0|29,target,None,2,finished,347_224972892,1,0.0013333333333333333,0.1,0.2,0.001,0.01,500,1e-05
0.7,5,noDP,30|59,0|29,target,None,3,finished,348_877907524,1,0.0013333333333333333,0.1,0.2,0.001,0.01,500,1e-05
0.6,5,noDP,30|59,0|29,target,None,3,finished,349_961645668,1,0.0013333333333333333,0.1,0.2,0.001,0.01,500,1e-05
0.7,5,noDP,30|59,0|29,target,None,3,finished,350_671221485,1,0.0013333333333333333,0.1,0.2,0.001,0.01,500,1e-05
0.8333333333333334,5,noDP,30|59,0|29,target,None,1,finished,352_212623911,1,0.0013333333333333333,0.1,0.2,0.001,0.01,500,1e-05
0.8666666666666667,5,noDP,30|59,0|29,target,None,1,finished,353_812708845,1,0.0013333333333333333,0.1,0.2,0.001,0.01,500,1e-05
0.8333333333333334,5,noDP,30|59,0|29,target,None,1,finished,354_155480233,1,0.0013333333333333333,0.1,0.2,0.001,0.01,500,1e-05
0.8,5,noDP,30|59,0|29,target,None,1,finished,355_640408497,1,0.0013333333333333333,0.1,0.2,0.001,0.01,500,1e-05
0.7666666666666667,5,noDP,30|59,0|29,target,None,1,finished,356_197217180,1,0.0013333333333333333,0.1,0.2,0.001,0.01,500,1e-05
0.7333333333333333,5,noDP,30|59,0|29,target,None,1,finished,357_580415955,1,0.0013333333333333333,0.1,0.2,0.001,0.01,500,1e-05
0.8333333333333334,5,noDP,30|59,0|29,target,None,1,finished,358_75646424,1,0.0013333333333333333,0.1,0.2,0.001,0.01,500,1e-05
0.7333333333333333,5,noDP,30|59,0|29,target,None,1,finished,359_402810586,1,0.0013333333333333333,0.1,0.2,0.001,0.01,500,1e-05
0.8,5,noDP,30|59,0|29,target,None,1,finished,360_831166221,1,0.0013333333333333333,0.1,0.2,0.001,0.01,500,1e-05
0.8,5,noDP,30|59,0|29,target,None,1,finished,361_243489705,1,0.0013333333333333333,0.1,0.2,0.001,0.01,500,1e-05
0.7333333333333333,5,noDP,30|59,0|29,target,None,2,finished,362_576331620,1,0.0013333333333333333,0.1,0.2,0.001,0.01,500,1e-05
0.7333333333333333,5,noDP,30|59,0|29,target,None,2,finished,363_196971091,1,0.0013333333333333333,0.1,0.2,0.001,0.01,500,1e-05
0.6666666666666666,5,noDP,30|59,0|29,target,None,2,finished,364_883450870,1,0.0013333333333333333,0.1,0.2,0.001,0.01,500,1e-05
0.7333333333333333,5,noDP,30|59,0|29,target,None,2,finished,365_433029726,1,0.0013333333333333333,0.1,0.2,0.001,0.01,500,1e-05
0.7333333333333333,5,noDP,30|59,0|29,target,None,2,finished,366_138586169,1,0.0013333333333333333,0.1,0.2,0.001,0.01,500,1e-05
0.7333333333333333,5,noDP,30|59,0|29,target,None,2,finished,367_804571189,1,0.0013333333333333333,0.1,0.2,0.001,0.01,500,1e-05
0.8666666666666667,5,noDP,30|59,0|29,target,None,2,finished,368_335380355,1,0.0013333333333333333,0.1,0.2,0.001,0.01,500,1e-05
0.7333333333333333,5,noDP,30|59,0|29,target,None,2,finished,369_994163927,1,0.0013333333333333333,0.1,0.2,0.001,0.01,500,1e-05
0.8,5,noDP,30|59,0|29,target,None,2,finished,370_535438573,1,0.0013333333333333333,0.1,0.2,0.001,0.01,500,1e-05
0.7333333333333333,5,noDP,30|59,0|29,target,None,2,finished,371_315451586,1,0.0013333333333333333,0.1,0.2,0.001,0.01,500,1e-05
0.6,5,noDP,30|59,0|29,target,None,3,finished,372_41790076,1,0.0013333333333333333,0.1,0.2,0.001,0.01,500,1e-05
0.8,5,noDP,30|59,0|29,target,None,3,finished,373_643048281,1,0.0013333333333333333,0.1,0.2,0.001,0.01,500,1e-05
0.6,5,noDP,30|59,0|29,target,None,3,finished,374_397772860,1,0.0013333333333333333,0.1,0.2,0.001,0.01,500,1e-05
0.7,5,noDP,30|59,0|29,target,None,3,finished,375_354608313,1,0.0013333333333333333,0.1,0.2,0.001,0.01,500,1e-05
0.6,5,noDP,30|59,0|29,target,None,3,finished,376_80466526,1,0.0013333333333333333,0.1,0.2,0.001,0.01,500,1e-05
0.7,5,noDP,30|59,0|29,target,None,3,finished,377_704821093,1,0.0013333333333333333,0.1,0.2,0.001,0.01,500,1e-05
0.5714285714285714,5,noDP,30|59,0|29,target,None,4,finished,382_8105296,1,0.0013333333333333333,0.1,0.2,0.001,0.01,500,1e-05
0.8,5,noDP,30|59,0|29,target,None,3,finished,378_553040754,1,0.0013333333333333333,0.1,0.2,0.001,0.01,500,1e-05
0.7,5,noDP,30|59,0|29,target,None,3,finished,379_684773819,1,0.0013333333333333333,0.1,0.2,0.001,0.01,500,1e-05
1.0,5,noDP,30|59,0|29,target,None,3,finished,380_361999834,1,0.0013333333333333333,0.1,0.2,0.001,0.01,500,1e-05
0.7,5,noDP,30|59,0|29,target,None,3,finished,381_36359594,1,0.0013333333333333333,0.1,0.2,0.001,0.01,500,1e-05
0.5714285714285714,5,noDP,30|59,0|29,target,None,4,finished,383_780387460,1,0.0013333333333333333,0.1,0.2,0.001,0.01,500,1e-05
0.5714285714285714,5,noDP,30|59,0|29,target,None,4,finished,384_866296637,1,0.0013333333333333333,0.1,0.2,0.001,0.01,500,1e-05
0.5714285714285714,5,noDP,30|59,0|29,target,None,4,finished,385_975308343,1,0.0013333333333333333,0.1,0.2,0.001,0.01,500,1e-05
0.7142857142857143,5,noDP,30|59,0|29,target,None,4,finished,386_897881962,1,0.0013333333333333333,0.1,0.2,0.001,0.01,500,1e-05
0.7142857142857143,5,noDP,30|59,0|29,target,None,4,finished,387_729141087,1,0.0013333333333333333,0.1,0.2,0.001,0.01,500,1e-05
0.7142857142857143,5,noDP,30|59,0|29,target,None,4,finished,388_624897546,1,0.0013333333333333333,0.1,0.2,0.001,0.01,500,1e-05
0.5714285714285714,5,noDP,30|59,0|29,target,None,4,finished,389_528873714,1,0.0013333333333333333,0.1,0.2,0.001,0.01,500,1e-05
0.7142857142857143,5,noDP,30|59,0|29,target,None,4,finished,390_371489942,1,0.0013333333333333333,0.1,0.2,0.001,0.01,500,1e-05
0.8571428571428571,5,noDP,30|59,0|29,target,None,4,finished,391_176611075,1,0.0013333333333333333,0.1,0.2,0.001,0.01,500,1e-05
0.5,5,noDP,30|59,0|29,target,None,5,finished,392_292947810,1,0.0013333333333333333,0.1,0.2,0.001,0.01,500,1e-05
0.6666666666666666,5,noDP,30|59,0|29,target,None,5,finished,393_672675468,1,0.0013333333333333333,0.1,0.2,0.001,0.01,500,1e-05
0.6666666666666666,5,noDP,30|59,0|29,target,None,5,finished,394_622244887,1,0.0013333333333333333,0.1,0.2,0.001,0.01,500,1e-05
0.5,5,noDP,30|59,0|29,target,None,5,finished,395_644728640,1,0.0013333333333333333,0.1,0.2,0.001,0.01,500,1e-05
0.6666666666666666,5,noDP,30|59,0|29,target,None,5,finished,396_585305044,1,0.0013333333333333333,0.1,0.2,0.001,0.01,500,1e-05
0.6666666666666666,5,noDP,30|59,0|29,target,None,5,finished,397_168641571,1,0.0013333333333333333,0.1,0.2,0.001,0.01,500,1e-05
0.6666666666666666,5,noDP,60|89,30|59,target,None,1,finished,399_778307906,1,0.0013333333333333333,0.1,0.2,0.001,0.01,500,1e-05
0.6666666666666666,5,noDP,60|89,30|59,target,None,1,finished,400_95795421,1,0.0013333333333333333,0.1,0.2,0.001,0.01,500,1e-05
0.8,5,noDP,60|89,30|59,target,None,1,finished,401_420921565,1,0.0013333333333333333,0.1,0.2,0.001,0.01,500,1e-05
0.6666666666666666,5,noDP,60|89,30|59,target,None,1,finished,402_801698847,1,0.0013333333333333333,0.1,0.2,0.001,0.01,500,1e-05
0.6666666666666666,5,noDP,60|89,30|59,target,None,1,finished,403_259227295,1,0.0013333333333333333,0.1,0.2,0.001,0.01,500,1e-05
0.7,5,noDP,60|89,30|59,target,None,1,finished,404_619719441,1,0.0013333333333333333,0.1,0.2,0.001,0.01,500,1e-05
0.6666666666666666,5,noDP,60|89,30|59,target,None,1,finished,405_945940464,1,0.0013333333333333333,0.1,0.2,0.001,0.01,500,1e-05
0.7,5,noDP,60|89,30|59,target,None,1,finished,406_336663432,1,0.0013333333333333333,0.1,0.2,0.001,0.01,500,1e-05
0.7,5,noDP,60|89,30|59,target,None,1,finished,407_695806696,1,0.0013333333333333333,0.1,0.2,0.001,0.01,500,1e-05
0.7333333333333333,5,noDP,60|89,30|59,target,None,1,finished,408_948333865,1,0.0013333333333333333,0.1,0.2,0.001,0.01,500,1e-05
0.8,5,noDP,60|89,30|59,target,None,2,finished,409_332139130,1,0.0013333333333333333,0.1,0.2,0.001,0.01,500,1e-05
0.7333333333333333,5,noDP,60|89,30|59,target,None,2,finished,410_648352400,1,0.0013333333333333333,0.1,0.2,0.001,0.01,500,1e-05
0.7333333333333333,5,noDP,60|89,30|59,target,None,2,finished,411_223981432,1,0.0013333333333333333,0.1,0.2,0.001,0.01,500,1e-05
0.7333333333333333,5,noDP,60|89,30|59,target,None,2,finished,412_764559451,1,0.0013333333333333333,0.1,0.2,0.001,0.01,500,1e-05
0.7333333333333333,5,noDP,60|89,30|59,target,None,2,finished,413_146103999,1,0.0013333333333333333,0.1,0.2,0.001,0.01,500,1e-05
0.7333333333333333,5,noDP,60|89,30|59,target,None,2,finished,414_576435963,1,0.0013333333333333333,0.1,0.2,0.001,0.01,500,1e-05
0.7333333333333333,5,noDP,60|89,30|59,target,None,2,finished,415_170456789,1,0.0013333333333333333,0.1,0.2,0.001,0.01,500,1e-05
0.7333333333333333,5,noDP,60|89,30|59,target,None,2,finished,416_746577382,1,0.0013333333333333333,0.1,0.2,0.001,0.01,500,1e-05
0.7333333333333333,5,noDP,60|89,30|59,target,None,2,finished,417_205445920,1,0.0013333333333333333,0.1,0.2,0.001,0.01,500,1e-05
0.8,5,noDP,60|89,30|59,target,None,2,finished,418_827407011,1,0.0013333333333333333,0.1,0.2,0.001,0.01,500,1e-05
0.9,5,noDP,60|89,30|59,target,None,3,finished,419_353429640,1,0.0013333333333333333,0.1,0.2,0.001,0.01,500,1e-05
0.8,5,noDP,60|89,30|59,target,None,3,finished,420_231958961,1,0.0013333333333333333,0.1,0.2,0.001,0.01,500,1e-05
0.8,5,noDP,60|89,30|59,target,None,3,finished,421_928322027,1,0.0013333333333333333,0.1,0.2,0.001,0.01,500,1e-05
0.9,5,noDP,60|89,30|59,target,None,3,finished,422_484264672,1,0.0013333333333333333,0.1,0.2,0.001,0.01,500,1e-05
0.9,5,noDP,60|89,30|59,target,None,3,finished,423_473026283,1,0.0013333333333333333,0.1,0.2,0.001,0.01,500,1e-05
0.8,5,noDP,60|89,30|59,target,None,3,finished,424_341121170,1,0.0013333333333333333,0.1,0.2,0.001,0.01,500,1e-05
0.8,5,noDP,60|89,30|59,target,None,3,finished,425_125875812,1,0.0013333333333333333,0.1,0.2,0.001,0.01,500,1e-05
0.8,5,noDP,60|89,30|59,target,None,3,finished,426_966103604,1,0.0013333333333333333,0.1,0.2,0.001,0.01,500,1e-05
0.9,5,noDP,60|89,30|59,target,None,3,finished,427_798347529,1,0.0013333333333333333,0.1,0.2,0.001,0.01,500,1e-05
0.8,5,noDP,60|89,30|59,target,None,3,finished,428_448106514,1,0.0013333333333333333,0.1,0.2,0.001,0.01,500,1e-05
0.7142857142857143,5,noDP,60|89,30|59,target,None,4,finished,429_189489009,1,0.0013333333333333333,0.1,0.2,0.001,0.01,500,1e-05
0.8571428571428571,5,noDP,60|89,30|59,target,None,4,finished,430_126337135,1,0.0013333333333333333,0.1,0.2,0.001,0.01,500,1e-05
0.7142857142857143,5,noDP,60|89,30|59,target,None,4,finished,431_172214338,1,0.0013333333333333333,0.1,0.2,0.001,0.01,500,1e-05
0.8571428571428571,5,noDP,60|89,30|59,target,None,4,finished,432_994954894,1,0.0013333333333333333,0.1,0.2,0.001,0.01,500,1e-05
0.7142857142857143,5,noDP,60|89,30|59,target,None,4,finished,433_867787865,1,0.0013333333333333333,0.1,0.2,0.001,0.01,500,1e-05
0.7142857142857143,5,noDP,60|89,30|59,target,None,4,finished,434_750157988,1,0.0013333333333333333,0.1,0.2,0.001,0.01,500,1e-05
0.7142857142857143,5,noDP,60|89,30|59,target,None,4,finished,435_725762028,1,0.0013333333333333333,0.1,0.2,0.001,0.01,500,1e-05
0.7142857142857143,5,noDP,60|89,30|59,target,None,4,finished,436_708109188,1,0.0013333333333333333,0.1,0.2,0.001,0.01,500,1e-05
0.7142857142857143,5,noDP,60|89,30|59,target,None,4,finished,437_500435716,1,0.0013333333333333333,0.1,0.2,0.001,0.01,500,1e-05
0.8571428571428571,5,noDP,60|89,30|59,target,None,4,finished,438_379098157,1,0.0013333333333333333,0.1,0.2,0.001,0.01,500,1e-05
0.8333333333333334,5,noDP,60|89,30|59,target,None,5,finished,439_596121823,1,0.0013333333333333333,0.1,0.2,0.001,0.01,500,1e-05
0.8333333333333334,5,noDP,60|89,30|59,target,None,5,finished,440_641382148,1,0.0013333333333333333,0.1,0.2,0.001,0.01,500,1e-05
0.8333333333333334,5,noDP,60|89,30|59,target,None,5,finished,441_777761661,1,0.0013333333333333333,0.1,0.2,0.001,0.01,500,1e-05
0.8333333333333334,5,noDP,60|89,30|59,target,None,5,finished,442_776066078,1,0.0013333333333333333,0.1,0.2,0.001,0.01,500,1e-05
0.8333333333333334,5,noDP,60|89,30|59,target,None,5,finished,443_574457154,1,0.0013333333333333333,0.1,0.2,0.001,0.01,500,1e-05
0.8333333333333334,5,noDP,60|89,30|59,target,None,5,finished,444_540764429,1,0.0013333333333333333,0.1,0.2,0.001,0.01,500,1e-05
0.8333333333333334,5,noDP,60|89,30|59,target,None,5,finished,445_539951885,1,0.0013333333333333333,0.1,0.2,0.001,0.01,500,1e-05
1.0,5,noDP,60|89,30|59,target,None,5,finished,446_521844016,1,0.0013333333333333333,0.1,0.2,0.001,0.01,500,1e-05
0.8333333333333334,5,noDP,60|89,30|59,target,None,5,finished,447_560764124,1,0.0013333333333333333,0.1,0.2,0.001,0.01,500,1e-05
0.8333333333333334,5,noDP,60|89,30|59,target,None,5,finished,448_539615598,1,0.0013333333333333333,0.1,0.2,0.001,0.01,500,1e-05
0.9,5,noDP,90|119,60|89,target,None,1,finished,449_542842687,1,0.0013333333333333333,0.1,0.2,0.001,0.01,500,1e-05
0.8,5,noDP,90|119,60|89,target,None,1,finished,450_849573795,1,0.0013333333333333333,0.1,0.2,0.001,0.01,500,1e-05
0.8,5,noDP,90|119,60|89,target,None,1,finished,451_190351634,1,0.0013333333333333333,0.1,0.2,0.001,0.01,500,1e-05
0.7333333333333333,5,noDP,90|119,60|89,target,None,1,finished,452_760152025,1,0.0013333333333333333,0.1,0.2,0.001,0.01,500,1e-05
0.8333333333333334,5,noDP,90|119,60|89,target,None,1,finished,453_227364511,1,0.0013333333333333333,0.1,0.2,0.001,0.01,500,1e-05
0.8333333333333334,5,noDP,90|119,60|89,target,None,1,finished,454_617007410,1,0.0013333333333333333,0.1,0.2,0.001,0.01,500,1e-05
0.7333333333333333,5,noDP,90|119,60|89,target,None,1,finished,455_5480521,1,0.0013333333333333333,0.1,0.2,0.001,0.01,500,1e-05
0.7666666666666667,5,noDP,90|119,60|89,target,None,1,finished,456_288102185,1,0.0013333333333333333,0.1,0.2,0.001,0.01,500,1e-05
0.8333333333333334,5,noDP,90|119,60|89,target,None,1,finished,457_767928041,1,0.0013333333333333333,0.1,0.2,0.001,0.01,500,1e-05
0.7,5,noDP,90|119,60|89,target,None,1,finished,458_159557332,1,0.0013333333333333333,0.1,0.2,0.001,0.01,500,1e-05
0.9333333333333333,5,noDP,90|119,60|89,target,None,2,finished,459_580450043,1,0.0013333333333333333,0.1,0.2,0.001,0.01,500,1e-05
0.9333333333333333,5,noDP,90|119,60|89,target,None,2,finished,460_198894852,1,0.0013333333333333333,0.1,0.2,0.001,0.01,500,1e-05
0.9333333333333333,5,noDP,90|119,60|89,target,None,2,finished,461_516599167,1,0.0013333333333333333,0.1,0.2,0.001,0.01,500,1e-05
0.9333333333333333,5,noDP,90|119,60|89,target,None,2,finished,462_931695949,1,0.0013333333333333333,0.1,0.2,0.001,0.01,500,1e-05
0.8666666666666667,5,noDP,90|119,60|89,target,None,2,finished,463_422321065,1,0.0013333333333333333,0.1,0.2,0.001,0.01,500,1e-05
0.8666666666666667,5,noDP,90|119,60|89,target,None,2,finished,464_928137156,1,0.0013333333333333333,0.1,0.2,0.001,0.01,500,1e-05
0.8666666666666667,5,noDP,90|119,60|89,target,None,2,finished,465_604424574,1,0.0013333333333333333,0.1,0.2,0.001,0.01,500,1e-05
0.8666666666666667,5,noDP,90|119,60|89,target,None,2,finished,466_151464530,1,0.0013333333333333333,0.1,0.2,0.001,0.01,500,1e-05
0.9333333333333333,5,noDP,90|119,60|89,target,None,2,finished,467_748159221,1,0.0013333333333333333,0.1,0.2,0.001,0.01,500,1e-05
0.9333333333333333,5,noDP,90|119,60|89,target,None,2,finished,468_348491711,1,0.0013333333333333333,0.1,0.2,0.001,0.01,500,1e-05
0.7,5,noDP,90|119,60|89,target,None,3,finished,469_739105342,1,0.0013333333333333333,0.1,0.2,0.001,0.01,500,1e-05
0.9,5,noDP,90|119,60|89,target,None,3,finished,470_141547280,1,0.0013333333333333333,0.1,0.2,0.001,0.01,500,1e-05
0.9,5,noDP,90|119,60|89,target,None,3,finished,471_778613162,1,0.0013333333333333333,0.1,0.2,0.001,0.01,500,1e-05
1.0,5,noDP,90|119,60|89,target,None,3,finished,472_411389879,1,0.0013333333333333333,0.1,0.2,0.001,0.01,500,1e-05
1.0,5,noDP,90|119,60|89,target,None,3,finished,473_964248188,1,0.0013333333333333333,0.1,0.2,0.001,0.01,500,1e-05
0.9,5,noDP,90|119,60|89,target,None,3,finished,474_602904275,1,0.0013333333333333333,0.1,0.2,0.001,0.01,500,1e-05
1.0,5,noDP,90|119,60|89,target,None,3,finished,475_404322036,1,0.0013333333333333333,0.1,0.2,0.001,0.01,500,1e-05
0.8,5,noDP,90|119,60|89,target,None,3,finished,476_107044684,1,0.0013333333333333333,0.1,0.2,0.001,0.01,500,1e-05
0.9,5,noDP,90|119,60|89,target,None,3,finished,477_688141668,1,0.0013333333333333333,0.1,0.2,0.001,0.01,500,1e-05
0.9,5,noDP,90|119,60|89,target,None,3,finished,478_461662381,1,0.0013333333333333333,0.1,0.2,0.001,0.01,500,1e-05
0.8571428571428571,5,noDP,90|119,60|89,target,None,4,finished,479_327980465,1,0.0013333333333333333,0.1,0.2,0.001,0.01,500,1e-05
0.8571428571428571,5,noDP,90|119,60|89,target,None,4,finished,480_133018800,1,0.0013333333333333333,0.1,0.2,0.001,0.01,500,1e-05
0.8571428571428571,5,noDP,90|119,60|89,target,None,4,finished,481_54947639,1,0.0013333333333333333,0.1,0.2,0.001,0.01,500,1e-05
0.7142857142857143,5,noDP,90|119,60|89,target,None,4,finished,482_37314011,1,0.0013333333333333333,0.1,0.2,0.001,0.01,500,1e-05
0.7142857142857143,5,noDP,90|119,60|89,target,None,4,finished,483_139043015,1,0.0013333333333333333,0.1,0.2,0.001,0.01,500,1e-05
0.8571428571428571,5,noDP,90|119,60|89,target,None,4,finished,484_956972356,1,0.0013333333333333333,0.1,0.2,0.001,0.01,500,1e-05
0.8571428571428571,5,noDP,90|119,60|89,target,None,4,finished,485_875943062,1,0.0013333333333333333,0.1,0.2,0.001,0.01,500,1e-05
0.7142857142857143,5,noDP,90|119,60|89,target,None,4,finished,486_784183748,1,0.0013333333333333333,0.1,0.2,0.001,0.01,500,1e-05
0.7142857142857143,5,noDP,90|119,60|89,target,None,4,finished,487_844401617,1,0.0013333333333333333,0.1,0.2,0.001,0.01,500,1e-05
0.8571428571428571,5,noDP,90|119,60|89,target,None,4,finished,488_999417833,1,0.0013333333333333333,0.1,0.2,0.001,0.01,500,1e-05
0.8333333333333334,5,noDP,90|119,60|89,target,None,5,finished,489_835326533,1,0.0013333333333333333,0.1,0.2,0.001,0.01,500,1e-05
0.8333333333333334,5,noDP,90|119,60|89,target,None,5,finished,490_833131385,1,0.0013333333333333333,0.1,0.2,0.001,0.01,500,1e-05
0.8333333333333334,5,noDP,90|119,60|89,target,None,5,finished,491_783314723,1,0.0013333333333333333,0.1,0.2,0.001,0.01,500,1e-05
0.8333333333333334,5,noDP,90|119,60|89,target,None,5,finished,492_813709309,1,0.0013333333333333333,0.1,0.2,0.001,0.01,500,1e-05
0.8333333333333334,5,noDP,90|119,60|89,target,None,5,finished,493_682801042,1,0.0013333333333333333,0.1,0.2,0.001,0.01,500,1e-05
0.8333333333333334,5,noDP,90|119,60|89,target,None,5,finished,494_705496203,1,0.0013333333333333333,0.1,0.2,0.001,0.01,500,1e-05
0.8333333333333334,5,noDP,90|119,60|89,target,None,5,finished,495_700477580,1,0.0013333333333333333,0.1,0.2,0.001,0.01,500,1e-05
0.8333333333333334,5,noDP,90|119,60|89,target,None,5,finished,496_758012578,1,0.0013333333333333333,0.1,0.2,0.001,0.01,500,1e-05
0.8333333333333334,5,noDP,90|119,60|89,target,None,5,finished,497_658182084,1,0.0013333333333333333,0.1,0.2,0.001,0.01,500,1e-05
0.8333333333333334,5,noDP,90|119,60|89,target,None,5,finished,498_515378777,1,0.0013333333333333333,0.1,0.2,0.001,0.01,500,1e-05
0.9333333333333333,5,noDP,120|149,90|119,target,None,1,finished,499_357652471,1,0.0013333333333333333,0.1,0.2,0.001,0.01,500,1e-05
0.8,5,noDP,120|149,90|119,target,None,1,finished,500_748450171,1,0.0013333333333333333,0.1,0.2,0.001,0.01,500,1e-05
0.9333333333333333,5,noDP,120|149,90|119,target,None,1,finished,501_182183288,1,0.0013333333333333333,0.1,0.2,0.001,0.01,500,1e-05
0.9333333333333333,5,noDP,120|149,90|119,target,None,1,finished,502_541440080,1,0.0013333333333333333,0.1,0.2,0.001,0.01,500,1e-05
0.8,5,noDP,120|149,90|119,target,None,1,finished,503_879241500,1,0.0013333333333333333,0.1,0.2,0.001,0.01,500,1e-05
0.9333333333333333,5,noDP,120|149,90|119,target,None,1,finished,504_442450493,1,0.0013333333333333333,0.1,0.2,0.001,0.01,500,1e-05
0.9333333333333333,5,noDP,120|149,90|119,target,None,1,finished,505_919222582,1,0.0013333333333333333,0.1,0.2,0.001,0.01,500,1e-05
0.9333333333333333,5,noDP,120|149,90|119,target,None,1,finished,506_337423655,1,0.0013333333333333333,0.1,0.2,0.001,0.01,500,1e-05
0.7666666666666667,5,noDP,120|149,90|119,target,None,1,finished,507_645857772,1,0.0013333333333333333,0.1,0.2,0.001,0.01,500,1e-05
0.7666666666666667,5,noDP,120|149,90|119,target,None,1,finished,508_995047330,1,0.0013333333333333333,0.1,0.2,0.001,0.01,500,1e-05
0.8,5,noDP,120|149,90|119,target,None,2,finished,509_405656743,1,0.0013333333333333333,0.1,0.2,0.001,0.01,500,1e-05
0.8666666666666667,5,noDP,120|149,90|119,target,None,2,finished,510_836200967,1,0.0013333333333333333,0.1,0.2,0.001,0.01,500,1e-05
0.8666666666666667,5,noDP,120|149,90|119,target,None,2,finished,511_329582787,1,0.0013333333333333333,0.1,0.2,0.001,0.01,500,1e-05
0.8666666666666667,5,noDP,120|149,90|119,target,None,2,finished,512_897911926,1,0.0013333333333333333,0.1,0.2,0.001,0.01,500,1e-05
0.8666666666666667,5,noDP,120|149,90|119,target,None,2,finished,513_496956332,1,0.0013333333333333333,0.1,0.2,0.001,0.01,500,1e-05
0.9333333333333333,5,noDP,120|149,90|119,target,None,2,finished,514_998030511,1,0.0013333333333333333,0.1,0.2,0.001,0.01,500,1e-05
0.8,5,noDP,120|149,90|119,target,None,2,finished,515_602483516,1,0.0013333333333333333,0.1,0.2,0.001,0.01,500,1e-05
0.8666666666666667,5,noDP,120|149,90|119,target,None,2,finished,516_197298821,1,0.0013333333333333333,0.1,0.2,0.001,0.01,500,1e-05
0.8666666666666667,5,noDP,120|149,90|119,target,None,2,finished,517_689116698,1,0.0013333333333333333,0.1,0.2,0.001,0.01,500,1e-05
0.8666666666666667,5,noDP,120|149,90|119,target,None,2,finished,518_275439065,1,0.0013333333333333333,0.1,0.2,0.001,0.01,500,1e-05
0.9,5,noDP,120|149,90|119,target,None,3,finished,519_743834011,1,0.0013333333333333333,0.1,0.2,0.001,0.01,500,1e-05
0.9,5,noDP,120|149,90|119,target,None,3,finished,520_167086644,1,0.0013333333333333333,0.1,0.2,0.001,0.01,500,1e-05
0.9,5,noDP,120|149,90|119,target,None,3,finished,521_772256462,1,0.0013333333333333333,0.1,0.2,0.001,0.01,500,1e-05
0.8,5,noDP,120|149,90|119,target,None,3,finished,522_492160732,1,0.0013333333333333333,0.1,0.2,0.001,0.01,500,1e-05
0.9,5,noDP,120|149,90|119,target,None,3,finished,523_275344903,1,0.0013333333333333333,0.1,0.2,0.001,0.01,500,1e-05
0.8,5,noDP,120|149,90|119,target,None,3,finished,524_928889671,1,0.0013333333333333333,0.1,0.2,0.001,0.01,500,1e-05
0.9,5,noDP,120|149,90|119,target,None,3,finished,525_546975665,1,0.0013333333333333333,0.1,0.2,0.001,0.01,500,1e-05
0.9,5,noDP,120|149,90|119,target,None,3,finished,526_972216866,1,0.0013333333333333333,0.1,0.2,0.001,0.01,500,1e-05
0.9,5,noDP,120|149,90|119,target,None,3,finished,527_796987762,1,0.0013333333333333333,0.1,0.2,0.001,0.01,500,1e-05
0.8,5,noDP,120|149,90|119,target,None,3,finished,528_608091807,1,0.0013333333333333333,0.1,0.2,0.001,0.01,500,1e-05
0.7142857142857143,5,noDP,120|149,90|119,target,None,4,finished,529_394988044,1,0.0013333333333333333,0.1,0.2,0.001,0.01,500,1e-05
0.7142857142857143,5,noDP,120|149,90|119,target,None,4,finished,530_338528726,1,0.0013333333333333333,0.1,0.2,0.001,0.01,500,1e-05
0.7142857142857143,5,noDP,120|149,90|119,target,None,4,finished,531_235021192,1,0.0013333333333333333,0.1,0.2,0.001,0.01,500,1e-05
0.8571428571428571,5,noDP,120|149,90|119,target,None,4,finished,532_800144379,1,0.0013333333333333333,0.1,0.2,0.001,0.01,500,1e-05
0.7142857142857143,5,noDP,120|149,90|119,target,None,4,finished,533_635665177,1,0.0013333333333333333,0.1,0.2,0.001,0.01,500,1e-05
0.8571428571428571,5,noDP,120|149,90|119,target,None,4,finished,534_591748601,1,0.0013333333333333333,0.1,0.2,0.001,0.01,500,1e-05
0.8571428571428571,5,noDP,120|149,90|119,target,None,4,finished,535_267973240,1,0.0013333333333333333,0.1,0.2,0.001,0.01,500,1e-05
0.8571428571428571,5,noDP,120|149,90|119,target,None,4,finished,536_356744730,1,0.0013333333333333333,0.1,0.2,0.001,0.01,500,1e-05
0.8571428571428571,5,noDP,120|149,90|119,target,None,4,finished,537_127187330,1,0.0013333333333333333,0.1,0.2,0.001,0.01,500,1e-05
0.7142857142857143,5,noDP,120|149,90|119,target,None,4,finished,538_64659009,1,0.0013333333333333333,0.1,0.2,0.001,0.01,500,1e-05
0.4,1,noDP,30|59,0|29,target,None,3,finished,549_354552504,1,0.0013333333333333333,0.1,0.2,0.001,0.01,500,1e-05
0.4,1,noDP,30|59,0|29,target,None,3,finished,550_510912103,1,0.0013333333333333333,0.1,0.2,0.001,0.01,500,1e-05
0.4,1,noDP,30|59,0|29,target,None,3,finished,551_714626822,1,0.0013333333333333333,0.1,0.2,0.001,0.01,500,1e-05
0.4,1,noDP,30|59,0|29,target,None,3,finished,552_601330219,1,0.0013333333333333333,0.1,0.2,0.001,0.01,500,1e-05
0.4,1,noDP,30|59,0|29,target,None,3,finished,553_339715205,1,0.0013333333333333333,0.1,0.2,0.001,0.01,500,1e-05
0.4,1,noDP,30|59,0|29,target,None,3,finished,554_93379813,1,0.0013333333333333333,0.1,0.2,0.001,0.01,500,1e-05
0.4,1,noDP,30|59,0|29,target,None,3,finished,555_282298045,1,0.0013333333333333333,0.1,0.2,0.001,0.01,500,1e-05
0.4,1,noDP,30|59,0|29,target,None,3,finished,556_884374962,1,0.0013333333333333333,0.1,0.2,0.001,0.01,500,1e-05
0.4,1,noDP,30|59,0|29,target,None,3,finished,557_741171999,1,0.0013333333333333333,0.1,0.2,0.001,0.01,500,1e-05
0.4,1,noDP,30|59,0|29,target,None,3,finished,558_255535040,1,0.0013333333333333333,0.1,0.2,0.001,0.01,500,1e-05
0.4,2,noDP,30|59,0|29,target,None,3,finished,559_69791582,1,0.0013333333333333333,0.1,0.2,0.001,0.01,500,1e-05
0.4,2,noDP,30|59,0|29,target,None,2,finished,560_9049883,1,0.0013333333333333333,0.1,0.2,0.001,0.01,500,1e-05
0.4,2,noDP,30|59,0|29,target,None,3,finished,561_684137297,1,0.0013333333333333333,0.1,0.2,0.001,0.01,500,1e-05
0.4,2,noDP,30|59,0|29,target,None,2,finished,562_415723530,1,0.0013333333333333333,0.1,0.2,0.001,0.01,500,1e-05
0.4,2,noDP,30|59,0|29,target,None,3,finished,563_797973212,1,0.0013333333333333333,0.1,0.2,0.001,0.01,500,1e-05
0.6,2,noDP,30|59,0|29,target,None,3,finished,564_336333499,1,0.0013333333333333333,0.1,0.2,0.001,0.01,500,1e-05
0.4,2,noDP,30|59,0|29,target,None,3,finished,565_452368015,1,0.0013333333333333333,0.1,0.2,0.001,0.01,500,1e-05
0.4,2,noDP,30|59,0|29,target,None,3,finished,566_434037547,1,0.0013333333333333333,0.1,0.2,0.001,0.01,500,1e-05
0.4,2,noDP,30|59,0|29,target,None,3,finished,567_556427820,1,0.0013333333333333333,0.1,0.2,0.001,0.01,500,1e-05
0.4,2,noDP,30|59,0|29,target,None,3,finished,568_190682390,1,0.0013333333333333333,0.1,0.2,0.001,0.01,500,1e-05
0.8,4,noDP,30|59,0|29,target,None,3,finished,569_416084799,1,0.0013333333333333333,0.1,0.2,0.001,0.01,500,1e-05
0.8,4,noDP,30|59,0|29,target,None,3,finished,570_867129174,1,0.0013333333333333333,0.1,0.2,0.001,0.01,500,1e-05
0.6,4,noDP,30|59,0|29,target,None,3,finished,571_494552707,1,0.0013333333333333333,0.1,0.2,0.001,0.01,500,1e-05
0.6,4,noDP,30|59,0|29,target,None,3,finished,572_681792296,1,0.0013333333333333333,0.1,0.2,0.001,0.01,500,1e-05
0.5,4,noDP,30|59,0|29,target,None,3,finished,573_843652194,1,0.0013333333333333333,0.1,0.2,0.001,0.01,500,1e-05
1.0,4,noDP,30|59,0|29,target,None,3,finished,574_438227048,1,0.0013333333333333333,0.1,0.2,0.001,0.01,500,1e-05
0.7,4,noDP,30|59,0|29,target,None,3,finished,575_612625169,1,0.0013333333333333333,0.1,0.2,0.001,0.01,500,1e-05
0.7,4,noDP,30|59,0|29,target,None,3,finished,576_178505733,1,0.0013333333333333333,0.1,0.2,0.001,0.01,500,1e-05
0.6,4,noDP,30|59,0|29,target,None,3,finished,577_698512613,1,0.0013333333333333333,0.1,0.2,0.001,0.01,500,1e-05
0.7,4,noDP,30|59,0|29,target,None,3,finished,578_241313722,1,0.0013333333333333333,0.1,0.2,0.001,0.01,500,1e-05
0.8,8,noDP,30|59,0|29,target,None,3,finished,579_294017678,1,0.0013333333333333333,0.1,0.2,0.001,0.01,500,1e-05
0.8,8,noDP,30|59,0|29,target,None,3,finished,580_693015188,1,0.0013333333333333333,0.1,0.2,0.001,0.01,500,1e-05
0.8,8,noDP,30|59,0|29,target,None,3,finished,581_146226265,1,0.0013333333333333333,0.1,0.2,0.001,0.01,500,1e-05
0.7,8,noDP,30|59,0|29,target,None,3,finished,582_660123350,1,0.0013333333333333333,0.1,0.2,0.001,0.01,500,1e-05
1.0,8,noDP,30|59,0|29,target,None,3,finished,583_674180827,1,0.0013333333333333333,0.1,0.2,0.001,0.01,500,1e-05
1.0,8,noDP,30|59,0|29,target,None,3,finished,584_41965614,1,0.0013333333333333333,0.1,0.2,0.001,0.01,500,1e-05
0.8,8,noDP,30|59,0|29,target,None,3,finished,585_463621442,1,0.0013333333333333333,0.1,0.2,0.001,0.01,500,1e-05
0.7,8,noDP,30|59,0|29,target,None,3,finished,586_872873430,1,0.0013333333333333333,0.1,0.2,0.001,0.01,500,1e-05
0.8,8,noDP,30|59,0|29,target,None,3,finished,587_285444727,1,0.0013333333333333333,0.1,0.2,0.001,0.01,500,1e-05
0.8,8,noDP,30|59,0|29,target,None,3,finished,588_477315200,1,0.0013333333333333333,0.1,0.2,0.001,0.01,500,1e-05
0.9,16,noDP,30|59,0|29,target,None,3,finished,589_965118278,1,0.0013333333333333333,0.1,0.2,0.001,0.01,500,1e-05
1.0,16,noDP,30|59,0|29,target,None,3,finished,590_142181131,1,0.0013333333333333333,0.1,0.2,0.001,0.01,500,1e-05
1.0,16,noDP,30|59,0|29,target,None,3,finished,591_813566589,1,0.0013333333333333333,0.1,0.2,0.001,0.01,500,1e-05
1.0,16,noDP,30|59,0|29,target,None,3,finished,592_648660783,1,0.0013333333333333333,0.1,0.2,0.001,0.01,500,1e-05
1.0,16,noDP,30|59,0|29,target,None,3,finished,593_273067063,1,0.0013333333333333333,0.1,0.2,0.001,0.01,500,1e-05
1.0,16,noDP,30|59,0|29,target,None,3,finished,594_176477261,1,0.0013333333333333333,0.1,0.2,0.001,0.01,500,1e-05
1.0,16,noDP,30|59,0|29,target,None,2,finished,595_910597903,1,0.0013333333333333333,0.1,0.2,0.001,0.01,500,1e-05
1.0,16,noDP,30|59,0|29,target,None,3,finished,596_111006931,1,0.0013333333333333333,0.1,0.2,0.001,0.01,500,1e-05
1.0,16,noDP,30|59,0|29,target,None,3,finished,597_31326176,1,0.0013333333333333333,0.1,0.2,0.001,0.01,500,1e-05
1.0,16,noDP,30|59,0|29,target,None,3,finished,598_699902930,1,0.0013333333333333333,0.1,0.2,0.001,0.01,500,1e-05
1.0,32,noDP,30|59,0|29,target,None,3,finished,599_479444987,1,0.0013333333333333333,0.1,0.2,0.001,0.01,500,1e-05
1.0,32,noDP,30|59,0|29,target,None,3,finished,600_681994740,1,0.0013333333333333333,0.1,0.2,0.001,0.01,500,1e-05
1.0,32,noDP,30|59,0|29,target,None,3,finished,601_871963459,1,0.0013333333333333333,0.1,0.2,0.001,0.01,500,1e-05
1.0,32,noDP,30|59,0|29,target,None,3,finished,602_971135846,1,0.0013333333333333333,0.1,0.2,0.001,0.01,500,1e-05
1.0,32,noDP,30|59,0|29,target,None,3,finished,603_775502251,1,0.0013333333333333333,0.1,0.2,0.001,0.01,500,1e-05
1.0,32,noDP,30|59,0|29,target,None,3,finished,604_860358020,1,0.0013333333333333333,0.1,0.2,0.001,0.01,500,1e-05
1.0,32,noDP,30|59,0|29,target,None,3,finished,605_285201301,1,0.0013333333333333333,0.1,0.2,0.001,0.01,500,1e-05
1.0,32,noDP,30|59,0|29,target,None,3,finished,606_811524907,1,0.0013333333333333333,0.1,0.2,0.001,0.01,500,1e-05
1.0,32,noDP,30|59,0|29,target,None,3,finished,607_281066226,1,0.0013333333333333333,0.1,0.2,0.001,0.01,500,1e-05
1.0,32,noDP,30|59,0|29,target,None,3,finished,608_783677866,1,0.0013333333333333333,0.1,0.2,0.001,0.01,500,1e-05
1.0,64,noDP,30|59,0|29,target,None,3,finished,609_92203692,1,0.0013333333333333333,0.1,0.2,0.001,0.01,500,1e-05
1.0,64,noDP,30|59,0|29,target,None,3,finished,610_72063191,1,0.0013333333333333333,0.1,0.2,0.001,0.01,500,1e-05
1.0,64,noDP,30|59,0|29,target,None,3,finished,611_705822064,1,0.0013333333333333333,0.1,0.2,0.001,0.01,500,1e-05
1.0,64,noDP,30|59,0|29,target,None,3,finished,612_963811847,1,0.0013333333333333333,0.1,0.2,0.001,0.01,500,1e-05
1.0,64,noDP,30|59,0|29,target,None,3,finished,613_321116802,1,0.0013333333333333333,0.1,0.2,0.001,0.01,500,1e-05
1.0,64,noDP,30|59,0|29,target,None,3,finished,614_848882631,1,0.0013333333333333333,0.1,0.2,0.001,0.01,500,1e-05
1.0,64,noDP,30|59,0|29,target,None,3,finished,615_429303629,1,0.0013333333333333333,0.1,0.2,0.001,0.01,500,1e-05
1.0,64,noDP,30|59,0|29,target,None,3,finished,616_878812670,1,0.0013333333333333333,0.1,0.2,0.001,0.01,500,1e-05
1.0,64,noDP,30|59,0|29,target,None,3,finished,617_413027155,1,0.0013333333333333333,0.1,0.2,0.001,0.01,500,1e-05
1.0,64,noDP,30|59,0|29,target,None,3,finished,618_787431943,1,0.0013333333333333333,0.1,0.2,0.001,0.01,500,1e-05
0.4,1,noDP,60|89,30|59,target,None,3,finished,1_636136358,1,0.0013333333333333333,0.1,0.2,0.001,0.01,500,1e-05
0.4,1,noDP,60|89,30|59,target,None,3,finished,2_596141221,1,0.0013333333333333333,0.1,0.2,0.001,0.01,500,1e-05
0.4,1,noDP,60|89,30|59,target,None,3,finished,3_816142115,1,0.0013333333333333333,0.1,0.2,0.001,0.01,500,1e-05
0.4,1,noDP,60|89,30|59,target,None,3,finished,4_311649667,1,0.0013333333333333333,0.1,0.2,0.001,0.01,500,1e-05
0.4,2,noDP,60|89,30|59,target,None,3,finished,15_8194116,1,0.0013333333333333333,0.1,0.2,0.001,0.01,500,1e-05
0.4,1,noDP,60|89,30|59,target,None,3,finished,6_27969167,1,0.0013333333333333333,0.1,0.2,0.001,0.01,500,1e-05
0.4,1,noDP,60|89,30|59,target,None,3,finished,7_628579958,1,0.0013333333333333333,0.1,0.2,0.001,0.01,500,1e-05
0.4,1,noDP,60|89,30|59,target,None,3,finished,8_670453256,1,0.0013333333333333333,0.1,0.2,0.001,0.01,500,1e-05
0.4,1,noDP,60|89,30|59,target,None,3,finished,9_754301820,1,0.0013333333333333333,0.1,0.2,0.001,0.01,500,1e-05
0.4,1,noDP,60|89,30|59,target,None,3,finished,10_803865651,1,0.0013333333333333333,0.1,0.2,0.001,0.01,500,1e-05
0.4,1,noDP,60|89,30|59,target,None,3,finished,11_488110877,1,0.0013333333333333333,0.1,0.2,0.001,0.01,500,1e-05
0.4,1,noDP,60|89,30|59,target,None,3,finished,12_400142653,1,0.0013333333333333333,0.1,0.2,0.001,0.01,500,1e-05
0.4,1,noDP,60|89,30|59,target,None,3,finished,13_711851983,1,0.0013333333333333333,0.1,0.2,0.001,0.01,500,1e-05
0.4,2,noDP,60|89,30|59,target,None,3,finished,14_104097279,1,0.0013333333333333333,0.1,0.2,0.001,0.01,500,1e-05
0.7,2,noDP,60|89,30|59,target,None,3,finished,16_248132213,1,0.0013333333333333333,0.1,0.2,0.001,0.01,500,1e-05
0.6,2,noDP,60|89,30|59,target,None,3,finished,17_955420040,1,0.0013333333333333333,0.1,0.2,0.001,0.01,500,1e-05
0.5,2,noDP,60|89,30|59,target,None,3,finished,18_596242526,1,0.0013333333333333333,0.1,0.2,0.001,0.01,500,1e-05
0.4,2,noDP,60|89,30|59,target,None,3,finished,19_183276531,1,0.0013333333333333333,0.1,0.2,0.001,0.01,500,1e-05
0.4,2,noDP,60|89,30|59,target,None,3,finished,20_958144430,1,0.0013333333333333333,0.1,0.2,0.001,0.01,500,1e-05
0.4,2,noDP,60|89,30|59,target,None,3,finished,21_862216415,1,0.0013333333333333333,0.1,0.2,0.001,0.01,500,1e-05
0.4,2,noDP,60|89,30|59,target,None,3,finished,22_232363870,1,0.0013333333333333333,0.1,0.2,0.001,0.01,500,1e-05
0.6,2,noDP,60|89,30|59,target,None,3,finished,23_592157048,1,0.0013333333333333333,0.1,0.2,0.001,0.01,500,1e-05
0.5,4,noDP,60|89,30|59,target,None,3,finished,24_531454455,1,0.0013333333333333333,0.1,0.2,0.001,0.01,500,1e-05
0.6,4,noDP,60|89,30|59,target,None,3,finished,25_660277721,1,0.0013333333333333333,0.1,0.2,0.001,0.01,500,1e-05
0.7,4,noDP,60|89,30|59,target,None,3,finished,26_700250839,1,0.0013333333333333333,0.1,0.2,0.001,0.01,500,1e-05
0.6,4,noDP,60|89,30|59,target,None,3,finished,27_483648003,1,0.0013333333333333333,0.1,0.2,0.001,0.01,500,1e-05
0.7,4,noDP,60|89,30|59,target,None,3,finished,28_440068138,1,0.0013333333333333333,0.1,0.2,0.001,0.01,500,1e-05
0.7,4,noDP,60|89,30|59,target,None,3,finished,29_310587047,1,0.0013333333333333333,0.1,0.2,0.001,0.01,500,1e-05
0.7,4,noDP,60|89,30|59,target,None,3,finished,30_340020249,1,0.0013333333333333333,0.1,0.2,0.001,0.01,500,1e-05
0.6,4,noDP,60|89,30|59,target,None,3,finished,31_527930512,1,0.0013333333333333333,0.1,0.2,0.001,0.01,500,1e-05
0.7,4,noDP,60|89,30|59,target,None,3,finished,32_584209276,1,0.0013333333333333333,0.1,0.2,0.001,0.01,500,1e-05
0.5,4,noDP,60|89,30|59,target,None,3,finished,33_936287754,1,0.0013333333333333333,0.1,0.2,0.001,0.01,500,1e-05
0.7,8,noDP,60|89,30|59,target,None,3,finished,34_864230245,1,0.0013333333333333333,0.1,0.2,0.001,0.01,500,1e-05
0.8,1,noDP,60|89,30|59,target,None,3,finished,1_231516999,1,0.0013333333333333333,0.1,0.2,0.001,0.01,500,1e-05
0.8,1,noDP,60|89,30|59,target,None,3,finished,2_448124139,1,0.0013333333333333333,0.1,0.2,0.001,0.01,500,1e-05
0.8,1,noDP,60|89,30|59,target,None,3,finished,3_968575458,1,0.0013333333333333333,0.1,0.2,0.001,0.01,500,1e-05
0.8,1,noDP,60|89,30|59,target,None,3,finished,4_743221087,1,0.0013333333333333333,0.1,0.2,0.001,0.01,500,1e-05
0.8,1,noDP,60|89,30|59,target,None,3,finished,5_780132580,1,0.0013333333333333333,0.1,0.2,0.001,0.01,500,1e-05
0.8,1,noDP,60|89,30|59,target,None,3,finished,6_36410686,1,0.0013333333333333333,0.1,0.2,0.001,0.01,500,1e-05
0.8,1,noDP,60|89,30|59,target,None,3,finished,7_380176004,1,0.0013333333333333333,0.1,0.2,0.001,0.01,500,1e-05
0.8,1,noDP,60|89,30|59,target,None,3,finished,8_532144135,1,0.0013333333333333333,0.1,0.2,0.001,0.01,500,1e-05
0.8,1,noDP,60|89,30|59,target,None,3,finished,9_820144715,1,0.0013333333333333333,0.1,0.2,0.001,0.01,500,1e-05
0.8,1,noDP,60|89,30|59,target,None,3,finished,10_647606233,1,0.0013333333333333333,0.1,0.2,0.001,0.01,500,1e-05
0.8,2,noDP,60|89,30|59,target,None,3,finished,11_992151968,1,0.0013333333333333333,0.1,0.2,0.001,0.01,500,1e-05
0.8,2,noDP,60|89,30|59,target,None,3,finished,12_136176432,1,0.0013333333333333333,0.1,0.2,0.001,0.01,500,1e-05
0.8,2,noDP,60|89,30|59,target,None,3,finished,13_456174277,1,0.0013333333333333333,0.1,0.2,0.001,0.01,500,1e-05
0.8,2,noDP,60|89,30|59,target,None,3,finished,14_100274688,1,0.0013333333333333333,0.1,0.2,0.001,0.01,500,1e-05
0.8,2,noDP,60|89,30|59,target,None,3,finished,15_883223746,1,0.0013333333333333333,0.1,0.2,0.001,0.01,500,1e-05
0.8,2,noDP,60|89,30|59,target,None,3,finished,16_361477011,1,0.0013333333333333333,0.1,0.2,0.001,0.01,500,1e-05
0.8,2,noDP,60|89,30|59,target,None,3,finished,17_200027360,1,0.0013333333333333333,0.1,0.2,0.001,0.01,500,1e-05
0.8,2,noDP,60|89,30|59,target,None,3,finished,18_687117080,1,0.0013333333333333333,0.1,0.2,0.001,0.01,500,1e-05
0.8,2,noDP,60|89,30|59,target,None,3,finished,19_92308074,1,0.0013333333333333333,0.1,0.2,0.001,0.01,500,1e-05
0.8,2,noDP,60|89,30|59,target,None,3,finished,20_466967313,1,0.0013333333333333333,0.1,0.2,0.001,0.01,500,1e-05
0.8,4,noDP,60|89,30|59,target,None,3,finished,21_21837262,1,0.0013333333333333333,0.1,0.2,0.001,0.01,500,1e-05
0.8,4,noDP,60|89,30|59,target,None,3,finished,22_647735443,1,0.0013333333333333333,0.1,0.2,0.001,0.01,500,1e-05
0.8,4,noDP,60|89,30|59,target,None,3,finished,23_262227076,1,0.0013333333333333333,0.1,0.2,0.001,0.01,500,1e-05
0.8,4,noDP,60|89,30|59,target,None,3,finished,24_840047264,1,0.0013333333333333333,0.1,0.2,0.001,0.01,500,1e-05
0.8,4,noDP,60|89,30|59,target,None,3,finished,25_408323286,1,0.0013333333333333333,0.1,0.2,0.001,0.01,500,1e-05
0.8,4,noDP,60|89,30|59,target,None,3,finished,26_926887146,1,0.0013333333333333333,0.1,0.2,0.001,0.01,500,1e-05
0.8,4,noDP,60|89,30|59,target,None,3,finished,27_351482820,1,0.0013333333333333333,0.1,0.2,0.001,0.01,500,1e-05
0.8,4,noDP,60|89,30|59,target,None,3,finished,28_802743925,1,0.0013333333333333333,0.1,0.2,0.001,0.01,500,1e-05
0.8,4,noDP,60|89,30|59,target,None,3,finished,29_373501465,1,0.0013333333333333333,0.1,0.2,0.001,0.01,500,1e-05
0.8,4,noDP,60|89,30|59,target,None,3,finished,30_140200607,1,0.0013333333333333333,0.1,0.2,0.001,0.01,500,1e-05
0.9,8,noDP,60|89,30|59,target,None,3,finished,31_731693901,1,0.0013333333333333333,0.1,0.2,0.001,0.01,500,1e-05
0.9,8,noDP,60|89,30|59,target,None,3,finished,32_448464638,1,0.0013333333333333333,0.1,0.2,0.001,0.01,500,1e-05
0.9,8,noDP,60|89,30|59,target,None,3,finished,33_960124184,1,0.0013333333333333333,0.1,0.2,0.001,0.01,500,1e-05
1.0,8,noDP,60|89,30|59,target,None,3,finished,34_332147058,1,0.0013333333333333333,0.1,0.2,0.001,0.01,500,1e-05
1.0,8,noDP,60|89,30|59,target,None,3,finished,35_922791410,1,0.0013333333333333333,0.1,0.2,0.001,0.01,500,1e-05
1.0,8,noDP,60|89,30|59,target,None,3,finished,36_537842197,1,0.0013333333333333333,0.1,0.2,0.001,0.01,500,1e-05
0.9,8,noDP,60|89,30|59,target,None,3,finished,37_296857778,1,0.0013333333333333333,0.1,0.2,0.001,0.01,500,1e-05
0.9,8,noDP,60|89,30|59,target,None,3,finished,38_861024402,1,0.0013333333333333333,0.1,0.2,0.001,0.01,500,1e-05
0.9,8,noDP,60|89,30|59,target,None,3,finished,39_420980382,1,0.0013333333333333333,0.1,0.2,0.001,0.01,500,1e-05
1.0,8,noDP,60|89,30|59,target,None,3,finished,40_151865887,1,0.0013333333333333333,0.1,0.2,0.001,0.01,500,1e-05
1.0,16,noDP,60|89,30|59,target,None,3,finished,41_791920646,1,0.0013333333333333333,0.1,0.2,0.001,0.01,500,1e-05
1.0,16,noDP,60|89,30|59,target,None,3,finished,42_409270068,1,0.0013333333333333333,0.1,0.2,0.001,0.01,500,1e-05
1.0,16,noDP,60|89,30|59,target,None,3,finished,43_577416267,1,0.0013333333333333333,0.1,0.2,0.001,0.01,500,1e-05
1.0,16,noDP,60|89,30|59,target,None,3,finished,44_59573709,1,0.0013333333333333333,0.1,0.2,0.001,0.01,500,1e-05
1.0,16,noDP,60|89,30|59,target,None,3,finished,46_799592639,1,0.0013333333333333333,0.1,0.2,0.001,0.01,500,1e-05
1.0,16,noDP,60|89,30|59,target,None,3,finished,47_862354681,1,0.0013333333333333333,0.1,0.2,0.001,0.01,500,1e-05
1.0,16,noDP,60|89,30|59,target,None,3,finished,48_803661210,1,0.0013333333333333333,0.1,0.2,0.001,0.01,500,1e-05
1.0,16,noDP,60|89,30|59,target,None,3,finished,49_551629318,1,0.0013333333333333333,0.1,0.2,0.001,0.01,500,1e-05
1.0,16,noDP,60|89,30|59,target,None,3,finished,50_255992955,1,0.0013333333333333333,0.1,0.2,0.001,0.01,500,1e-05
1.0,32,noDP,60|89,30|59,target,None,3,finished,51_813866189,1,0.0013333333333333333,0.1,0.2,0.001,0.01,500,1e-05
1.0,32,noDP,60|89,30|59,target,None,3,finished,52_794477114,1,0.0013333333333333333,0.1,0.2,0.001,0.01,500,1e-05
1.0,32,noDP,60|89,30|59,target,None,3,finished,53_122263813,1,0.0013333333333333333,0.1,0.2,0.001,0.01,500,1e-05
1.0,32,noDP,60|89,30|59,target,None,3,finished,54_875949527,1,0.0013333333333333333,0.1,0.2,0.001,0.01,500,1e-05
1.0,32,noDP,60|89,30|59,target,None,3,finished,55_855035446,1,0.0013333333333333333,0.1,0.2,0.001,0.01,500,1e-05
1.0,32,noDP,60|89,30|59,target,None,3,finished,56_860684139,1,0.0013333333333333333,0.1,0.2,0.001,0.01,500,1e-05
1.0,32,noDP,60|89,30|59,target,None,3,finished,57_851953290,1,0.0013333333333333333,0.1,0.2,0.001,0.01,500,1e-05
1.0,32,noDP,60|89,30|59,target,None,3,finished,58_920875925,1,0.0013333333333333333,0.1,0.2,0.001,0.01,500,1e-05
1.0,32,noDP,60|89,30|59,target,None,3,finished,59_986266640,1,0.0013333333333333333,0.1,0.2,0.001,0.01,500,1e-05
1.0,32,noDP,60|89,30|59,target,None,3,finished,60_478878345,1,0.0013333333333333333,0.1,0.2,0.001,0.01,500,1e-05
1.0,64,noDP,60|89,30|59,target,None,3,finished,61_661532358,1,0.0013333333333333333,0.1,0.2,0.001,0.01,500,1e-05
1.0,64,noDP,60|89,30|59,target,None,3,finished,62_54273203,1,0.0013333333333333333,0.1,0.2,0.001,0.01,500,1e-05
1.0,64,noDP,60|89,30|59,target,None,3,finished,63_568293534,1,0.0013333333333333333,0.1,0.2,0.001,0.01,500,1e-05
1.0,64,noDP,60|89,30|59,target,None,3,finished,64_196467355,1,0.0013333333333333333,0.1,0.2,0.001,0.01,500,1e-05
1.0,64,noDP,60|89,30|59,target,None,3,finished,65_115250040,1,0.0013333333333333333,0.1,0.2,0.001,0.01,500,1e-05
1.0,64,noDP,60|89,30|59,target,None,3,finished,66_764335656,1,0.0013333333333333333,0.1,0.2,0.001,0.01,500,1e-05
1.0,64,noDP,60|89,30|59,target,None,3,finished,67_567978425,1,0.0013333333333333333,0.1,0.2,0.001,0.01,500,1e-05
1.0,64,noDP,60|89,30|59,target,None,3,finished,68_435878760,1,0.0013333333333333333,0.1,0.2,0.001,0.01,500,1e-05
1.0,64,noDP,60|89,30|59,target,None,3,finished,69_824309875,1,0.0013333333333333333,0.1,0.2,0.001,0.01,500,1e-05
1.0,64,noDP,60|89,30|59,target,None,3,finished,70_780238045,1,0.0013333333333333333,0.1,0.2,0.001,0.01,500,1e-05
0.7,1,noDP,90|119,60|89,target,None,3,finished,71_576145003,1,0.0013333333333333333,0.1,0.2,0.001,0.01,500,1e-05
0.7,1,noDP,90|119,60|89,target,None,3,finished,72_691048051,1,0.0013333333333333333,0.1,0.2,0.001,0.01,500,1e-05
0.7,1,noDP,90|119,60|89,target,None,3,finished,73_695174250,1,0.0013333333333333333,0.1,0.2,0.001,0.01,500,1e-05
0.7,1,noDP,90|119,60|89,target,None,3,finished,74_436886937,1,0.0013333333333333333,0.1,0.2,0.001,0.01,500,1e-05
0.7,1,noDP,90|119,60|89,target,None,3,finished,75_604826655,1,0.0013333333333333333,0.1,0.2,0.001,0.01,500,1e-05
0.7,1,noDP,90|119,60|89,target,None,3,finished,76_692244945,1,0.0013333333333333333,0.1,0.2,0.001,0.01,500,1e-05
0.7,1,noDP,90|119,60|89,target,None,3,finished,77_292122225,1,0.0013333333333333333,0.1,0.2,0.001,0.01,500,1e-05
0.7,1,noDP,90|119,60|89,target,None,3,finished,78_832116543,1,0.0013333333333333333,0.1,0.2,0.001,0.01,500,1e-05
0.7,1,noDP,90|119,60|89,target,None,3,finished,79_248251052,1,0.0013333333333333333,0.1,0.2,0.001,0.01,500,1e-05
0.7,1,noDP,90|119,60|89,target,None,3,finished,80_468153155,1,0.0013333333333333333,0.1,0.2,0.001,0.01,500,1e-05
0.7,2,noDP,90|119,60|89,target,None,3,finished,81_388182355,1,0.0013333333333333333,0.1,0.2,0.001,0.01,500,1e-05
0.7,2,noDP,90|119,60|89,target,None,3,finished,82_691845310,1,0.0013333333333333333,0.1,0.2,0.001,0.01,500,1e-05
0.7,2,noDP,90|119,60|89,target,None,3,finished,83_400347893,1,0.0013333333333333333,0.1,0.2,0.001,0.01,500,1e-05
0.7,2,noDP,90|119,60|89,target,None,3,finished,84_712119091,1,0.0013333333333333333,0.1,0.2,0.001,0.01,500,1e-05
0.7,2,noDP,90|119,60|89,target,None,3,finished,85_696227384,1,0.0013333333333333333,0.1,0.2,0.001,0.01,500,1e-05
0.7,2,noDP,90|119,60|89,target,None,3,finished,86_727702102,1,0.0013333333333333333,0.1,0.2,0.001,0.01,500,1e-05
0.7,2,noDP,90|119,60|89,target,None,3,finished,87_704191851,1,0.0013333333333333333,0.1,0.2,0.001,0.01,500,1e-05
0.7,2,noDP,90|119,60|89,target,None,3,finished,88_438871812,1,0.0013333333333333333,0.1,0.2,0.001,0.01,500,1e-05
0.7,2,noDP,90|119,60|89,target,None,3,finished,90_430589610,1,0.0013333333333333333,0.1,0.2,0.001,0.01,500,1e-05
0.8,4,noDP,90|119,60|89,target,None,3,finished,91_453999599,1,0.0013333333333333333,0.1,0.2,0.001,0.01,500,1e-05
0.9,4,noDP,90|119,60|89,target,None,3,finished,92_370889673,1,0.0013333333333333333,0.1,0.2,0.001,0.01,500,1e-05
0.7,4,noDP,90|119,60|89,target,None,3,finished,93_370630275,1,0.0013333333333333333,0.1,0.2,0.001,0.01,500,1e-05
0.8,4,noDP,90|119,60|89,target,None,3,finished,94_760023323,1,0.0013333333333333333,0.1,0.2,0.001,0.01,500,1e-05
0.7,4,noDP,90|119,60|89,target,None,3,finished,95_733571387,1,0.0013333333333333333,0.1,0.2,0.001,0.01,500,1e-05
0.7,4,noDP,90|119,60|89,target,None,3,finished,96_796582253,1,0.0013333333333333333,0.1,0.2,0.001,0.01,500,1e-05
0.7,4,noDP,90|119,60|89,target,None,3,finished,97_912793626,1,0.0013333333333333333,0.1,0.2,0.001,0.01,500,1e-05
0.8,4,noDP,90|119,60|89,target,None,3,finished,98_137342482,1,0.0013333333333333333,0.1,0.2,0.001,0.01,500,1e-05
0.7,4,noDP,90|119,60|89,target,None,3,finished,99_576959328,1,0.0013333333333333333,0.1,0.2,0.001,0.01,500,1e-05
1.0,4,noDP,90|119,60|89,target,None,3,finished,100_645274385,1,0.0013333333333333333,0.1,0.2,0.001,0.01,500,1e-05
1.0,8,noDP,90|119,60|89,target,None,3,finished,101_805147179,1,0.0013333333333333333,0.1,0.2,0.001,0.01,500,1e-05
1.0,8,noDP,90|119,60|89,target,None,3,finished,102_835173035,1,0.0013333333333333333,0.1,0.2,0.001,0.01,500,1e-05
1.0,8,noDP,90|119,60|89,target,None,3,finished,103_382456803,1,0.0013333333333333333,0.1,0.2,0.001,0.01,500,1e-05
1.0,8,noDP,90|119,60|89,target,None,3,finished,104_911114867,1,0.0013333333333333333,0.1,0.2,0.001,0.01,500,1e-05
1.0,8,noDP,90|119,60|89,target,None,3,finished,105_55724752,1,0.0013333333333333333,0.1,0.2,0.001,0.01,500,1e-05
1.0,8,noDP,90|119,60|89,target,None,3,finished,106_512652804,1,0.0013333333333333333,0.1,0.2,0.001,0.01,500,1e-05
1.0,8,noDP,90|119,60|89,target,None,3,finished,107_685386956,1,0.0013333333333333333,0.1,0.2,0.001,0.01,500,1e-05
0.9,8,noDP,90|119,60|89,target,None,3,finished,108_911063659,1,0.0013333333333333333,0.1,0.2,0.001,0.01,500,1e-05
1.0,8,noDP,90|119,60|89,target,None,3,finished,109_97939269,1,0.0013333333333333333,0.1,0.2,0.001,0.01,500,1e-05
1.0,8,noDP,90|119,60|89,target,None,3,finished,110_428261503,1,0.0013333333333333333,0.1,0.2,0.001,0.01,500,1e-05
1.0,16,noDP,90|119,60|89,target,None,3,finished,112_946922581,1,0.0013333333333333333,0.1,0.2,0.001,0.01,500,1e-05
1.0,16,noDP,90|119,60|89,target,None,3,finished,113_343840873,1,0.0013333333333333333,0.1,0.2,0.001,0.01,500,1e-05
1.0,16,noDP,90|119,60|89,target,None,3,finished,114_217196643,1,0.0013333333333333333,0.1,0.2,0.001,0.01,500,1e-05
1.0,16,noDP,90|119,60|89,target,None,3,finished,115_830711535,1,0.0013333333333333333,0.1,0.2,0.001,0.01,500,1e-05
1.0,16,noDP,90|119,60|89,target,None,3,finished,116_236192322,1,0.0013333333333333333,0.1,0.2,0.001,0.01,500,1e-05
0.9,16,noDP,90|119,60|89,target,None,2,finished,117_916129219,1,0.0013333333333333333,0.1,0.2,0.001,0.01,500,1e-05
1.0,16,noDP,90|119,60|89,target,None,3,finished,118_424236586,1,0.0013333333333333333,0.1,0.2,0.001,0.01,500,1e-05
1.0,16,noDP,90|119,60|89,target,None,3,finished,119_979143310,1,0.0013333333333333333,0.1,0.2,0.001,0.01,500,1e-05
1.0,16,noDP,90|119,60|89,target,None,3,finished,120_590366277,1,0.0013333333333333333,0.1,0.2,0.001,0.01,500,1e-05
1.0,32,noDP,90|119,60|89,target,None,3,finished,121_631012086,1,0.0013333333333333333,0.1,0.2,0.001,0.01,500,1e-05
1.0,32,noDP,90|119,60|89,target,None,3,finished,122_395876886,1,0.0013333333333333333,0.1,0.2,0.001,0.01,500,1e-05
1.0,32,noDP,90|119,60|89,target,None,3,finished,123_127724731,1,0.0013333333333333333,0.1,0.2,0.001,0.01,500,1e-05
1.0,32,noDP,90|119,60|89,target,None,3,finished,124_266267823,1,0.0013333333333333333,0.1,0.2,0.001,0.01,500,1e-05
1.0,32,noDP,90|119,60|89,target,None,3,finished,125_676945802,1,0.0013333333333333333,0.1,0.2,0.001,0.01,500,1e-05
1.0,32,noDP,90|119,60|89,target,None,3,finished,126_553794663,1,0.0013333333333333333,0.1,0.2,0.001,0.01,500,1e-05
1.0,32,noDP,90|119,60|89,target,None,3,finished,127_820355979,1,0.0013333333333333333,0.1,0.2,0.001,0.01,500,1e-05
1.0,32,noDP,90|119,60|89,target,None,3,finished,128_975771450,1,0.0013333333333333333,0.1,0.2,0.001,0.01,500,1e-05
1.0,32,noDP,90|119,60|89,target,None,3,finished,130_683348872,1,0.0013333333333333333,0.1,0.2,0.001,0.01,500,1e-05
1.0,64,noDP,90|119,60|89,target,None,3,finished,131_38451805,1,0.0013333333333333333,0.1,0.2,0.001,0.01,500,1e-05
1.0,64,noDP,90|119,60|89,target,None,3,finished,132_817204241,1,0.0013333333333333333,0.1,0.2,0.001,0.01,500,1e-05
1.0,64,noDP,90|119,60|89,target,None,3,finished,133_984940629,1,0.0013333333333333333,0.1,0.2,0.001,0.01,500,1e-05
1.0,64,noDP,90|119,60|89,target,None,3,finished,134_848177396,1,0.0013333333333333333,0.1,0.2,0.001,0.01,500,1e-05
1.0,64,noDP,90|119,60|89,target,None,3,finished,135_928035257,1,0.0013333333333333333,0.1,0.2,0.001,0.01,500,1e-05
1.0,64,noDP,90|119,60|89,target,None,3,finished,136_438457658,1,0.0013333333333333333,0.1,0.2,0.001,0.01,500,1e-05
1.0,64,noDP,90|119,60|89,target,None,3,finished,137_716907979,1,0.0013333333333333333,0.1,0.2,0.001,0.01,500,1e-05
1.0,64,noDP,90|119,60|89,target,None,3,finished,138_938745421,1,0.0013333333333333333,0.1,0.2,0.001,0.01,500,1e-05
1.0,64,noDP,90|119,60|89,target,None,3,finished,139_218119685,1,0.0013333333333333333,0.1,0.2,0.001,0.01,500,1e-05
1.0,64,noDP,90|119,60|89,target,None,3,finished,140_182437473,1,0.0013333333333333333,0.1,0.2,0.001,0.01,500,1e-05
0.7,1,noDP,120|149,90|119,target,None,3,finished,141_636311936,1,0.0013333333333333333,0.1,0.2,0.001,0.01,500,1e-05
0.8,1,noDP,120|149,90|119,target,None,3,finished,142_847313947,1,0.0013333333333333333,0.1,0.2,0.001,0.01,500,1e-05
0.9,1,noDP,120|149,90|119,target,None,3,finished,143_250355270,1,0.0013333333333333333,0.1,0.2,0.001,0.01,500,1e-05
0.9,1,noDP,120|149,90|119,target,None,3,finished,144_535085885,1,0.0013333333333333333,0.1,0.2,0.001,0.01,500,1e-05
0.8,1,noDP,120|149,90|119,target,None,3,finished,145_900543616,1,0.0013333333333333333,0.1,0.2,0.001,0.01,500,1e-05
0.9,1,noDP,120|149,90|119,target,None,3,finished,146_958488460,1,0.0013333333333333333,0.1,0.2,0.001,0.01,500,1e-05
0.9,1,noDP,120|149,90|119,target,None,3,finished,147_41010433,1,0.0013333333333333333,0.1,0.2,0.001,0.01,500,1e-05
0.8,1,noDP,120|149,90|119,target,None,3,finished,148_374342278,1,0.0013333333333333333,0.1,0.2,0.001,0.01,500,1e-05
0.8,1,noDP,120|149,90|119,target,None,3,finished,149_542839100,1,0.0013333333333333333,0.1,0.2,0.001,0.01,500,1e-05
0.8,1,noDP,120|149,90|119,target,None,3,finished,150_714352519,1,0.0013333333333333333,0.1,0.2,0.001,0.01,500,1e-05
0.8,2,noDP,120|149,90|119,target,None,3,finished,151_199462699,1,0.0013333333333333333,0.1,0.2,0.001,0.01,500,1e-05
0.8,2,noDP,120|149,90|119,target,None,3,finished,152_259983060,1,0.0013333333333333333,0.1,0.2,0.001,0.01,500,1e-05
0.8,2,noDP,120|149,90|119,target,None,3,finished,153_275294327,1,0.0013333333333333333,0.1,0.2,0.001,0.01,500,1e-05
0.9,2,noDP,120|149,90|119,target,None,3,finished,154_372737324,1,0.0013333333333333333,0.1,0.2,0.001,0.01,500,1e-05
0.9,2,noDP,120|149,90|119,target,None,3,finished,155_322160035,1,0.0013333333333333333,0.1,0.2,0.001,0.01,500,1e-05
0.8,2,noDP,120|149,90|119,target,None,3,finished,156_703368652,1,0.0013333333333333333,0.1,0.2,0.001,0.01,500,1e-05
0.8,2,noDP,120|149,90|119,target,None,3,finished,157_810376615,1,0.0013333333333333333,0.1,0.2,0.001,0.01,500,1e-05
0.9,2,noDP,120|149,90|119,target,None,3,finished,158_901466803,1,0.0013333333333333333,0.1,0.2,0.001,0.01,500,1e-05
0.9,2,noDP,120|149,90|119,target,None,3,finished,159_798341529,1,0.0013333333333333333,0.1,0.2,0.001,0.01,500,1e-05
0.8,2,noDP,120|149,90|119,target,None,3,finished,160_239774969,1,0.0013333333333333333,0.1,0.2,0.001,0.01,500,1e-05
0.8,4,noDP,120|149,90|119,target,None,3,finished,161_340353936,1,0.0013333333333333333,0.1,0.2,0.001,0.01,500,1e-05
0.8,4,noDP,120|149,90|119,target,None,3,finished,162_799415136,1,0.0013333333333333333,0.1,0.2,0.001,0.01,500,1e-05
0.9,4,noDP,120|149,90|119,target,None,3,finished,163_294482690,1,0.0013333333333333333,0.1,0.2,0.001,0.01,500,1e-05
0.8,4,noDP,120|149,90|119,target,None,3,finished,164_575206401,1,0.0013333333333333333,0.1,0.2,0.001,0.01,500,1e-05
0.9,4,noDP,120|149,90|119,target,None,3,finished,165_181876129,1,0.0013333333333333333,0.1,0.2,0.001,0.01,500,1e-05
0.9,4,noDP,120|149,90|119,target,None,3,finished,166_374490524,1,0.0013333333333333333,0.1,0.2,0.001,0.01,500,1e-05
0.9,4,noDP,120|149,90|119,target,None,3,finished,167_853592485,1,0.0013333333333333333,0.1,0.2,0.001,0.01,500,1e-05
0.8,4,noDP,120|149,90|119,target,None,3,finished,168_939117248,1,0.0013333333333333333,0.1,0.2,0.001,0.01,500,1e-05
0.9,4,noDP,120|149,90|119,target,None,3,finished,169_451801974,1,0.0013333333333333333,0.1,0.2,0.001,0.01,500,1e-05
0.9,4,noDP,120|149,90|119,target,None,3,finished,170_513573056,1,0.0013333333333333333,0.1,0.2,0.001,0.01,500,1e-05
0.9,8,noDP,120|149,90|119,target,None,3,finished,171_495282415,1,0.0013333333333333333,0.1,0.2,0.001,0.01,500,1e-05
0.9,8,noDP,120|149,90|119,target,None,3,finished,172_471659160,1,0.0013333333333333333,0.1,0.2,0.001,0.01,500,1e-05
0.9,8,noDP,120|149,90|119,target,None,3,finished,173_774277411,1,0.0013333333333333333,0.1,0.2,0.001,0.01,500,1e-05
0.9,8,noDP,120|149,90|119,target,None,3,finished,174_664461174,1,0.0013333333333333333,0.1,0.2,0.001,0.01,500,1e-05
0.9,8,noDP,120|149,90|119,target,None,3,finished,175_579810080,1,0.0013333333333333333,0.1,0.2,0.001,0.01,500,1e-05
0.9,8,noDP,120|149,90|119,target,None,3,finished,176_942319265,1,0.0013333333333333333,0.1,0.2,0.001,0.01,500,1e-05
0.9,8,noDP,120|149,90|119,target,None,3,finished,177_416023406,1,0.0013333333333333333,0.1,0.2,0.001,0.01,500,1e-05
0.9,8,noDP,120|149,90|119,target,None,3,finished,178_811044542,1,0.0013333333333333333,0.1,0.2,0.001,0.01,500,1e-05
0.9,8,noDP,120|149,90|119,target,None,3,finished,179_205813678,1,0.0013333333333333333,0.1,0.2,0.001,0.01,500,1e-05
0.9,8,noDP,120|149,90|119,target,None,3,finished,180_472050841,1,0.0013333333333333333,0.1,0.2,0.001,0.01,500,1e-05
0.9,16,noDP,120|149,90|119,target,None,3,finished,181_659679878,1,0.0013333333333333333,0.1,0.2,0.001,0.01,500,1e-05
0.9,16,noDP,120|149,90|119,target,None,3,finished,182_534034139,1,0.0013333333333333333,0.1,0.2,0.001,0.01,500,1e-05
0.9,16,noDP,120|149,90|119,target,None,3,finished,183_846644897,1,0.0013333333333333333,0.1,0.2,0.001,0.01,500,1e-05
0.9,16,noDP,120|149,90|119,target,None,3,finished,184_996320894,1,0.0013333333333333333,0.1,0.2,0.001,0.01,500,1e-05
0.9,16,noDP,120|149,90|119,target,None,3,finished,185_807960641,1,0.0013333333333333333,0.1,0.2,0.001,0.01,500,1e-05
0.9,16,noDP,120|149,90|119,target,None,3,finished,186_365825852,1,0.0013333333333333333,0.1,0.2,0.001,0.01,500,1e-05
0.9,16,noDP,120|149,90|119,target,None,3,finished,187_713177298,1,0.0013333333333333333,0.1,0.2,0.001,0.01,500,1e-05
0.9,16,noDP,120|149,90|119,target,None,3,finished,188_74318050,1,0.0013333333333333333,0.1,0.2,0.001,0.01,500,1e-05
0.9,16,noDP,120|149,90|119,target,None,3,finished,189_576086486,1,0.0013333333333333333,0.1,0.2,0.001,0.01,500,1e-05
0.9,16,noDP,120|149,90|119,target,None,3,finished,190_922371161,1,0.0013333333333333333,0.1,0.2,0.001,0.01,500,1e-05
0.9,32,noDP,120|149,90|119,target,None,3,finished,191_379315228,1,0.0013333333333333333,0.1,0.2,0.001,0.01,500,1e-05
0.9,32,noDP,120|149,90|119,target,None,3,finished,192_479041328,1,0.0013333333333333333,0.1,0.2,0.001,0.01,500,1e-05
0.9,32,noDP,120|149,90|119,target,None,3,finished,193_332577276,1,0.0013333333333333333,0.1,0.2,0.001,0.01,500,1e-05
0.9,32,noDP,120|149,90|119,target,None,3,finished,194_166745030,1,0.0013333333333333333,0.1,0.2,0.001,0.01,500,1e-05
0.9,32,noDP,120|149,90|119,target,None,3,finished,195_211467645,1,0.0013333333333333333,0.1,0.2,0.001,0.01,500,1e-05
0.9,32,noDP,120|149,90|119,target,None,3,finished,196_253946081,1,0.0013333333333333333,0.1,0.2,0.001,0.01,500,1e-05
0.9,32,noDP,120|149,90|119,target,None,3,finished,197_980327754,1,0.0013333333333333333,0.1,0.2,0.001,0.01,500,1e-05
0.9,32,noDP,120|149,90|119,target,None,3,finished,198_794193308,1,0.0013333333333333333,0.1,0.2,0.001,0.01,500,1e-05
0.9,32,noDP,120|149,90|119,target,None,3,finished,199_515472732,1,0.0013333333333333333,0.1,0.2,0.001,0.01,500,1e-05
0.9,32,noDP,120|149,90|119,target,None,3,finished,200_379867798,1,0.0013333333333333333,0.1,0.2,0.001,0.01,500,1e-05
0.9,64,noDP,120|149,90|119,target,None,3,finished,201_109804884,1,0.0013333333333333333,0.1,0.2,0.001,0.01,500,1e-05
0.9,64,noDP,120|149,90|119,target,None,3,finished,202_549589716,1,0.0013333333333333333,0.1,0.2,0.001,0.01,500,1e-05
0.9,64,noDP,120|149,90|119,target,None,3,finished,203_753550477,1,0.0013333333333333333,0.1,0.2,0.001,0.01,500,1e-05
0.9,64,noDP,120|149,90|119,target,None,3,finished,204_801007435,1,0.0013333333333333333,0.1,0.2,0.001,0.01,500,1e-05
0.9,64,noDP,120|149,90|119,target,None,3,finished,205_96435223,1,0.0013333333333333333,0.1,0.2,0.001,0.01,500,1e-05
0.9,64,noDP,120|149,90|119,target,None,3,finished,206_220069823,1,0.0013333333333333333,0.1,0.2,0.001,0.01,500,1e-05
0.9,64,noDP,120|149,90|119,target,None,3,finished,207_670591332,1,0.0013333333333333333,0.1,0.2,0.001,0.01,500,1e-05
0.9,64,noDP,120|149,90|119,target,None,3,finished,208_24724407,1,0.0013333333333333333,0.1,0.2,0.001,0.01,500,1e-05
0.9,64,noDP,120|149,90|119,target,None,3,finished,209_214688237,1,0.0013333333333333333,0.1,0.2,0.001,0.01,500,1e-05
0.9,64,noDP,120|149,90|119,target,None,3,finished,210_696226451,1,0.0013333333333333333,0.1,0.2,0.001,0.01,500,1e-05
